Account Name,Account Phone,Account Type,Billing Address,Billing City,Billing Country,Billing State/Province,Billing Street,Billing Zip/Postal Code,Shipping Address,Shipping City,Shipping Country,Shipping State/Province,Shipping Street,Shipping Zip/Postal Code
"testagainbill7","","Enterprise","","","","","","","","","","","",""
"testagainbill14","","Enterprise","","","","","","","","","","","",""
"testagainbill4","","Enterprise","","","","","","","","","","","",""
"testagainbill12","","Enterprise","","","","","","","","","","","",""
"testagainbill3","","Enterprise","","","","","","","","","","","",""
"testagainbill","","Enterprise","","","","","","","","","","","",""
"testagainbill11","","Enterprise","","","","","","","","","","","",""
"testagainbill16","","","","","","","","","","","","","",""
"testagainbill15","","Enterprise","","","","","","","","","","","",""
"testagainbill9","","Small Business","","","","","","","","","","","",""
"testagainbill6","","Enterprise","","","","","","","","","","","",""
"testagainbill10","","Enterprise","","","","","","","","","","","",""
"testagainbill5","","Enterprise","","","","","","","","","","","",""
"testagainbill8","","Enterprise","","","","","","","","","","","",""
"testagainbill2","","","","","","","","","","","","","",""
"Wellspring, Inc.","(512) 555-2110","Mid-Market","[country:USA, city:Austin, countryCode:null, street:500 E 4th St, latitude:30.26535, postalCode:78701, geocodeAccuracy:Address, stateCode:null, state:TX, longitude:-97.738567]","Austin","USA","TX","500 E 4th St","78701","[country:USA, city:Austin, countryCode:null, street:500 E 4th St, latitude:30.26535, postalCode:78701, geocodeAccuracy:Address, stateCode:null, state:TX, longitude:-97.738567]","Austin","USA","TX","500 E 4th St","78701"
"Unknown Customer","","Person","","","","","","","","","","","",""
"Momentum Design","(520) 555-1982","Mid-Market","[country:USA, city:Prescott, countryCode:null, street:362 Monroe St., latitude:44.744272, postalCode:54021, geocodeAccuracy:Address, stateCode:null, state:WI, longitude:-92.790762]","Prescott","USA","WI","362 Monroe St.","54021","[country:USA, city:Prescott, countryCode:null, street:362 Monroe St., latitude:44.744272, postalCode:54021, geocodeAccuracy:Address, stateCode:null, state:WI, longitude:-92.790762]","Prescott","USA","WI","362 Monroe St.","54021"
"Acme Partners","(794) 555-0153","Partner","[country:USA, city:San Mateo, countryCode:null, street:240 E 3rd Ave, latitude:37.565337, postalCode:94401, geocodeAccuracy:Address, stateCode:null, state:CA, longitude:-122.322474]","San Mateo","USA","CA","240 E 3rd Ave","94401","[country:USA, city:San Mateo, countryCode:null, street:240 E 3rd Ave, latitude:37.565337, postalCode:94401, geocodeAccuracy:Address, stateCode:null, state:CA, longitude:-122.322474]","San Mateo","USA","CA","240 E 3rd Ave","94401"
"Southern Solutions","(482) 555-0124","Mid-Market","[country:USA, city:Santa Cruz, countryCode:null, street:309 8th Ave, latitude:36.965369, postalCode:95062, geocodeAccuracy:Block, stateCode:null, state:CA, longitude:-121.997687]","Santa Cruz","USA","CA","309 8th Ave","95062","[country:USA, city:Santa Cruz, countryCode:null, street:309 8th Ave, latitude:36.965369, postalCode:95062, geocodeAccuracy:Block, stateCode:null, state:CA, longitude:-121.997687]","Santa Cruz","USA","CA","309 8th Ave","95062"
"Ohana, Inc.","(415) 555-0153","Enterprise","[country:USA, city:San Francisco, countryCode:null, street:1 Market St., latitude:37.793872, postalCode:94105, geocodeAccuracy:Address, stateCode:null, state:CA, longitude:-122.394865]","San Francisco","USA","CA","1 Market St.","94105","[country:USA, city:San Francisco, countryCode:null, street:50 Fremont St, latitude:37.79054, postalCode:94105, geocodeAccuracy:Address, stateCode:null, state:CA, longitude:-122.397575]","San Francisco","USA","CA","50 Fremont St","94105"
"Displaytech","(769) 555-0153","Mid-Market","[country:USA, city:Kings, countryCode:null, street:1525 Park Pl, latitude:40.672281, postalCode:11213, geocodeAccuracy:Block, stateCode:null, state:NY, longitude:-73.926742]","Kings","USA","NY","1525 Park Pl","11213","[country:USA, city:Kings, countryCode:null, street:1525 Park Pl, latitude:40.672281, postalCode:11213, geocodeAccuracy:Block, stateCode:null, state:NY, longitude:-73.926742]","Kings","USA","NY","1525 Park Pl","11213"
"Summit Resellers","(415) 555-0153","Mid-Market","[country:USA, city:San Francisco, countryCode:null, street:223 Polk St., latitude:37.778195, postalCode:94133, geocodeAccuracy:Block, stateCode:null, state:CA, longitude:-122.418359]","San Francisco","USA","CA","223 Polk St.","94133","[country:USA, city:San Francisco, countryCode:null, street:223 Polk St., latitude:37.778195, postalCode:94133, geocodeAccuracy:Block, stateCode:null, state:CA, longitude:-122.418359]","San Francisco","USA","CA","223 Polk St.","94133"
"Meridian Partners","(720) 555-0153","Partner","[country:USA, city:San Francisco, countryCode:null, street:500 Market Street, latitude:37.79105, postalCode:94105, geocodeAccuracy:Block, stateCode:null, state:CA, longitude:-122.399401]","San Francisco","USA","CA","500 Market Street","94105","[country:USA, city:San Francisco, countryCode:null, street:500 Market Street, latitude:37.79105, postalCode:94105, geocodeAccuracy:Block, stateCode:null, state:CA, longitude:-122.399401]","San Francisco","USA","CA","500 Market Street","94105"
"Pinnacle Partners","(720) 555-0153","Partner","[country:USA, city:Chicago, countryCode:null, street:1 S. Dearborn, latitude:41.881632, postalCode:94105-5188, geocodeAccuracy:Address, stateCode:null, state:IL, longitude:-87.629018]","Chicago","USA","IL","1 S. Dearborn","94105-5188","[country:USA, city:Chicago, countryCode:null, street:1 S. Dearborn, latitude:41.881632, postalCode:94105-5188, geocodeAccuracy:Address, stateCode:null, state:IL, longitude:-87.629018]","Chicago","USA","IL","1 S. Dearborn","94105-5188"
"Vand Enterprises, Inc.","(674) 555-0153","Small Business","[country:USA, city:Shelby, countryCode:null, street:3418 Poplar Ave, latitude:35.128579, postalCode:38111, geocodeAccuracy:Block, stateCode:null, state:TN, longitude:-89.947756]","Shelby","USA","TN","3418 Poplar Ave","38111","[country:USA, city:Shelby, countryCode:null, street:3418 Poplar Ave, latitude:35.128579, postalCode:38111, geocodeAccuracy:Block, stateCode:null, state:TN, longitude:-89.947756]","Shelby","USA","TN","3418 Poplar Ave","38111"
"Advanced Communications","(401) 555-5200","Enterprise","[country:USA, city:West Warwick, countryCode:null, street:PO Box 1019, latitude:41.702, postalCode:02893, geocodeAccuracy:Zip, stateCode:null, state:RI, longitude:-71.517]","West Warwick","USA","RI","PO Box 1019","02893","[country:USA, city:San Jose, countryCode:null, street:178 San Jose Ave, latitude:37.310052, postalCode:95125, geocodeAccuracy:Block, stateCode:null, state:CA, longitude:-121.873789]","San Jose","USA","CA","178 San Jose Ave","95125"
"Upstyle Inc.","(415) 555-3493","Small Business","[country:USA, city:San Francsico, countryCode:null, street:50 Fremont Street, latitude:37.79054, postalCode:94105, geocodeAccuracy:Address, stateCode:null, state:CA, longitude:-122.397575]","San Francsico","USA","CA","50 Fremont Street","94105","[country:USA, city:San Francisco, countryCode:null, street:50 Fremont Street, latitude:37.79054, postalCode:91405, geocodeAccuracy:Address, stateCode:null, state:CA, longitude:-122.397575]","San Francisco","USA","CA","50 Fremont Street","91405"
"Tech Labs","(415) 555-0199","Enterprise","[country:USA, city:San Francisco, countryCode:null, street:800 3rd Street, latitude:37.777632, postalCode:94105, geocodeAccuracy:Block, stateCode:null, state:CA, longitude:-122.391524]","San Francisco","USA","CA","800 3rd Street","94105","[country:USA, city:San Francisco, countryCode:null, street:800 3rd Street, latitude:37.777632, postalCode:94105, geocodeAccuracy:Block, stateCode:null, state:CA, longitude:-122.391524]","San Francisco","USA","CA","800 3rd Street","94105"
"Red Studio Designs","(415) 555-8471","Mid-Market","[country:USA, city:San Francisco, countryCode:null, street:101 California St, latitude:37.792949, postalCode:94105, geocodeAccuracy:Address, stateCode:null, state:CA, longitude:-122.398099]","San Francisco","USA","CA","101 California St","94105","[country:USA, city:San Francisco, countryCode:null, street:101 California St., latitude:37.792949, postalCode:94105, geocodeAccuracy:Address, stateCode:null, state:CA, longitude:-122.398099]","San Francisco","USA","CA","101 California St.","94105"
"Larry Baxter","(310) 555-0100","Person","[country:USA, city:Santa Monica, countryCode:null, street:1351 Palisades Beach Road, latitude:34.01365, postalCode:90401, geocodeAccuracy:null, stateCode:null, state:CA, longitude:-118.49912]","Santa Monica","USA","CA","1351 Palisades Beach Road","90401","[country:USA, city:Santa Monica, countryCode:null, street:1351 Palisades Beach Road, latitude:null, postalCode:90401, geocodeAccuracy:null, stateCode:null, state:CA, longitude:null]","Santa Monica","USA","CA","1351 Palisades Beach Road","90401"
"Valley Supply Inc.","(537) 555-0153","Enterprise","[country:USA, city:San Jose, countryCode:null, street:6217 Santa Teresa Blvd, latitude:37.236085, postalCode:95119, geocodeAccuracy:Address, stateCode:null, state:CA, longitude:-121.801971]","San Jose","USA","CA","6217 Santa Teresa Blvd","95119","[country:USA, city:San Jose, countryCode:null, street:6217 Santa Teresa Blvd, latitude:37.236085, postalCode:95119, geocodeAccuracy:Address, stateCode:null, state:CA, longitude:-121.801971]","San Jose","USA","CA","6217 Santa Teresa Blvd","95119"
"General Utilities","(319) 555-0153","Mid-Market","[country:USA, city:Chicago, countryCode:null, street:550 West Washington Boulevard, latitude:41.883397, postalCode:60661, geocodeAccuracy:Address, stateCode:null, state:IL, longitude:-87.641427]","Chicago","USA","IL","550 West Washington Boulevard","60661","[country:USA, city:Chicago, countryCode:null, street:550 West Washington Boulevard, latitude:41.883397, postalCode:60661, geocodeAccuracy:Address, stateCode:null, state:IL, longitude:-87.641427]","Chicago","USA","IL","550 West Washington Boulevard","60661"
"Missoula & Sons Inc.","(178) 555-0153","Mid-Market","[country:USA, city:Chicago, countryCode:null, street:440 South La Salle Street, latitude:41.875561, postalCode:60605, geocodeAccuracy:Address, stateCode:null, state:IL, longitude:-87.631967]","Chicago","USA","IL","440 South La Salle Street","60605","[country:USA, city:Chicago, countryCode:null, street:440 South La Salle Street, latitude:41.875561, postalCode:60605, geocodeAccuracy:Address, stateCode:null, state:IL, longitude:-87.631967]","Chicago","USA","IL","440 South La Salle Street","60605"
"Morpon Brothers","+65 (02) 7010 2715","Enterprise","[country:Australia, city:Sydney, countryCode:null, street:390 Harris Street, latitude:-33.87565095338616, postalCode:2007, geocodeAccuracy:Block, stateCode:null, state:NSW, longitude:151.19745527950374]","Sydney","Australia","NSW","390 Harris Street","2007","[country:Australia, city:Sydney, countryCode:null, street:390 Harris Street, latitude:-33.87565095338616, postalCode:2007, geocodeAccuracy:Block, stateCode:null, state:NSW, longitude:151.19745527950374]","Sydney","Australia","NSW","390 Harris Street","2007"
"Universal Services","(274) 555-0153","Small Business","[country:USA, city:Clark, countryCode:null, street:4191 Tamarus St, latitude:36.112837, postalCode:89119, geocodeAccuracy:Block, stateCode:null, state:NV, longitude:-115.133268]","Clark","USA","NV","4191 Tamarus St","89119","[country:USA, city:Clark, countryCode:null, street:4191 Tamarus St, latitude:36.112837, postalCode:89119, geocodeAccuracy:Block, stateCode:null, state:NV, longitude:-115.133268]","Clark","USA","NV","4191 Tamarus St","89119"
"Anaco Limited","(655) 555-0153","Enterprise","[country:USA, city:Multnomah, countryCode:null, street:5628 SE Alder St, latitude:45.517891, postalCode:97215, geocodeAccuracy:Block, stateCode:null, state:OR, longitude:-122.606114]","Multnomah","USA","OR","5628 SE Alder St","97215","[country:USA, city:Multnomah, countryCode:null, street:5628 SE Alder St, latitude:45.517891, postalCode:97215, geocodeAccuracy:Block, stateCode:null, state:OR, longitude:-122.606114]","Multnomah","USA","OR","5628 SE Alder St","97215"
"Associated Supply Co.","(792) 555-0153","Enterprise","[country:USA, city:Jefferson, countryCode:null, street:2056 Laurel Ave, latitude:30.083095, postalCode:77701, geocodeAccuracy:Block, stateCode:null, state:TX, longitude:-94.116203]","Jefferson","USA","TX","2056 Laurel Ave","77701","[country:USA, city:Jefferson, countryCode:null, street:2056 Laurel Ave, latitude:30.083095, postalCode:77701, geocodeAccuracy:Block, stateCode:null, state:TX, longitude:-94.116203]","Jefferson","USA","TX","2056 Laurel Ave","77701"
"Allied Technologies","(494) 555-0153","Enterprise","[country:USA, city:Multnomah, countryCode:null, street:16909 SE Alder St, latitude:45.517823, postalCode:97233, geocodeAccuracy:Block, stateCode:null, state:OR, longitude:-122.489146]","Multnomah","USA","OR","16909 SE Alder St","97233","[country:USA, city:Multnomah, countryCode:null, street:16909 SE Alder St, latitude:45.517823, postalCode:97233, geocodeAccuracy:Block, stateCode:null, state:OR, longitude:-122.489146]","Multnomah","USA","OR","16909 SE Alder St","97233"
"Big Sky & Sons","(276) 555-0153","Mid-Market","[country:USA, city:Dallas, countryCode:null, street:6039 E Northwest Hwy, latitude:32.86436, postalCode:75225, geocodeAccuracy:Block, stateCode:null, state:TX, longitude:-96.759749]","Dallas","USA","TX","6039 E Northwest Hwy","75225","[country:USA, city:Dallas, countryCode:null, street:6039 E Northwest Hwy, latitude:32.86436, postalCode:75225, geocodeAccuracy:Block, stateCode:null, state:TX, longitude:-96.759749]","Dallas","USA","TX","6039 E Northwest Hwy","75225"
"Peter Houston","(415) 555-4707","Person","[country:USA, city:Cook, countryCode:null, street:1520 W 62nd St, latitude:41.78157, postalCode:60636, geocodeAccuracy:null, stateCode:null, state:IL, longitude:-87.66282]","Cook","USA","IL","1520 W 62nd St","60636","[country:USA, city:Cook, countryCode:null, street:1520 W 62nd St, latitude:null, postalCode:60636, geocodeAccuracy:null, stateCode:null, state:IL, longitude:null]","Cook","USA","IL","1520 W 62nd St","60636"
"Homeland Company","(448) 555-0153","Small Business","[country:USA, city:New Hanover, countryCode:null, street:1984 Gufford Dr, latitude:34.228938, postalCode:28403, geocodeAccuracy:Block, stateCode:null, state:NC, longitude:-77.922892]","New Hanover","USA","NC","1984 Gufford Dr","28403","[country:USA, city:New Hanover, countryCode:null, street:1984 Gufford Dr, latitude:34.228938, postalCode:28403, geocodeAccuracy:Block, stateCode:null, state:NC, longitude:-77.922892]","New Hanover","USA","NC","1984 Gufford Dr","28403"
"Ohana Financial Services","(543) 555-3763","Enterprise","[country:USA, city:Arlington, countryCode:null, street:2137 N Clarendon Blvd, latitude:38.891005, postalCode:22209, geocodeAccuracy:Block, stateCode:null, state:VA, longitude:-77.085899]","Arlington","USA","VA","2137 N Clarendon Blvd","22209","[country:USA, city:Arlington, countryCode:null, street:2137 N Clarendon Blvd, latitude:38.891005, postalCode:22209, geocodeAccuracy:Block, stateCode:null, state:VA, longitude:-77.085899]","Arlington","USA","VA","2137 N Clarendon Blvd","22209"
"Amptech Corporation","+44 20 7946 0146","Enterprise","[country:UK, city:London, countryCode:null, street:207 Old Street, London., latitude:51.52548258392112, postalCode:EC1V 9NR, geocodeAccuracy:Block, stateCode:null, state:null, longitude:-0.08953093371421342]","London","UK","","207 Old Street, London.","EC1V 9NR","[country:UK, city:London, countryCode:null, street:207 Old Street, latitude:51.52548258392112, postalCode:EC1V 9NR, geocodeAccuracy:Block, stateCode:null, state:null, longitude:-0.08953093371421342]","London","UK","","207 Old Street","EC1V 9NR"
"Integrity Systems","(206) 555-8848","Corporate","[country:USA, city:Minneapolis, countryCode:null, street:815 25th Ave, latitude:44.964958, postalCode:55454, geocodeAccuracy:Address, stateCode:null, state:MN, longitude:-93.235778]","Minneapolis","USA","MN","815 25th Ave","55454","[country:USA, city:Minneapolis, countryCode:null, street:815 25th Ave, latitude:44.964958, postalCode:55454, geocodeAccuracy:Address, stateCode:null, state:MN, longitude:-93.235778]","Minneapolis","USA","MN","815 25th Ave","55454"
"Silodyne Company","(212) 555-9000","Mid-Market","[country:USA, city:New York, countryCode:null, street:60 West 66th Street, latitude:40.772784, postalCode:10023, geocodeAccuracy:Block, stateCode:null, state:NY, longitude:-73.979989]","New York","USA","NY","60 West 66th Street","10023","[country:USA, city:New York, countryCode:null, street:60 West 66th Street, latitude:40.772784, postalCode:10023, geocodeAccuracy:Block, stateCode:null, state:NY, longitude:-73.979989]","New York","USA","NY","60 West 66th Street","10023"
"PortalAccount","","","[country:null, city:null, countryCode:null, street:Do Not Delete - For B2B Commerce, latitude:null, postalCode:null, geocodeAccuracy:null, stateCode:null, state:null, longitude:null]","","","","Do Not Delete - For B2B Commerce","","[country:null, city:null, countryCode:null, street:Do Not Delete - For B2B Commerce, latitude:null, postalCode:null, geocodeAccuracy:null, stateCode:null, state:null, longitude:null]","","","","Do Not Delete - For B2B Commerce",""
"CCAnonymous","","","","","","","","","","","","","",""
"Ohana Systems","(684) 555-3823","Enterprise","[country:USA, city:San Francisco, countryCode:null, street:333 Dolores St, latitude:37.763988, postalCode:94110, geocodeAccuracy:Address, stateCode:null, state:CA, longitude:-122.425053]","San Francisco","USA","CA","333 Dolores St","94110","[country:USA, city:San Francisco, countryCode:null, street:333 Dolores St, latitude:37.763988, postalCode:94110, geocodeAccuracy:Address, stateCode:null, state:CA, longitude:-122.425053]","San Francisco","USA","CA","333 Dolores St","94110"
"Ohana Technologies","(791) 555-0153","Enterprise","[country:USA, city:San Francisco, countryCode:null, street:1 California St., latitude:37.793214, postalCode:94105, geocodeAccuracy:Address, stateCode:null, state:CA, longitude:-122.397043]","San Francisco","USA","CA","1 California St.","94105","[country:USA, city:San Francisco, countryCode:null, street:1 California St., latitude:37.793214, postalCode:94105, geocodeAccuracy:Address, stateCode:null, state:CA, longitude:-122.397043]","San Francisco","USA","CA","1 California St.","94105"
"Biospan, LLC.","+86 (21) 2082 9888","Mid-Market","[country:China, city:Shanghai, countryCode:null, street:355 Hong Qiao Lu, latitude:31.44469, postalCode:200030, geocodeAccuracy:Street, stateCode:null, state:null, longitude:121.17854]","Shanghai","China","","355 Hong Qiao Lu","200030","[country:China, city:Shanghai, countryCode:null, street:355 Hong Qiao Lu, latitude:31.44469, postalCode:200030, geocodeAccuracy:Street, stateCode:null, state:null, longitude:121.17854]","Shanghai","China","","355 Hong Qiao Lu","200030"
"Assurity Corporation","+44 20 7946 0873","Mid-Market","[country:UK, city:London, countryCode:null, street:25 Bank Street, latitude:51.50294, postalCode:E14 5JP, geocodeAccuracy:ExtendedZip, stateCode:null, state:null, longitude:-0.02083]","London","UK","","25 Bank Street","E14 5JP","[country:UK, city:London, countryCode:null, street:25 Bank Street, latitude:51.50294, postalCode:E14 5JP, geocodeAccuracy:ExtendedZip, stateCode:null, state:null, longitude:-0.02083]","London","UK","","25 Bank Street","E14 5JP"
"Plasmosis, Inc.","(240) 555-8271","Mid-Market","[country:USA, city:Silver Spring, countryCode:null, street:8121 Georgia Ave, latitude:38.99108, postalCode:20910, geocodeAccuracy:Address, stateCode:null, state:MD, longitude:-77.026126]","Silver Spring","USA","MD","8121 Georgia Ave","20910","[country:USA, city:Silver Spring, countryCode:null, street:8121 Georgia Ave, latitude:38.99108, postalCode:20910, geocodeAccuracy:Address, stateCode:null, state:MD, longitude:-77.026126]","Silver Spring","USA","MD","8121 Georgia Ave","20910"
"Accusage, Inc.","(240) 555-0137","Mid-Market","[country:USA, city:Salt Lake City, countryCode:null, street:2305 South 1070 West, latitude:40.721353, postalCode:84119, geocodeAccuracy:Address, stateCode:null, state:UT, longitude:-111.922552]","Salt Lake City","USA","UT","2305 South 1070 West","84119","[country:USA, city:Salt Lake City, countryCode:null, street:2305 South 1070 West, latitude:40.721353, postalCode:84119, geocodeAccuracy:Address, stateCode:null, state:UT, longitude:-111.922552]","Salt Lake City","USA","UT","2305 South 1070 West","84119"
"NetAssist, Inc.","(919) 555-1129","Mid-Market","[country:USA, city:Raleigh, countryCode:null, street:215 S. McDowell Street, latitude:35.777523, postalCode:27601, geocodeAccuracy:Address, stateCode:null, state:NC, longitude:-78.641019]","Raleigh","USA","NC","215 S. McDowell Street","27601","[country:USA, city:Raleigh, countryCode:null, street:215 S. McDowell Street, latitude:35.777523, postalCode:27601, geocodeAccuracy:Address, stateCode:null, state:NC, longitude:-78.641019]","Raleigh","USA","NC","215 S. McDowell Street","27601"
"Tammy Baxter","(415) 555-3930","Person","[country:USA, city:San Francisco, countryCode:null, street:2350 Jones St., latitude:37.8031588, postalCode:94113, geocodeAccuracy:null, stateCode:null, state:CA, longitude:-122.4162774]","San Francisco","USA","CA","2350 Jones St.","94113","[country:USA, city:San Francisco, countryCode:null, street:2350 Jones St., latitude:null, postalCode:94113, geocodeAccuracy:null, stateCode:null, state:CA, longitude:null]","San Francisco","USA","CA","2350 Jones St.","94113"
"Russell Hartman","(510) 555-5500","Person","[country:USA, city:Oakland, countryCode:null, street:5801 College Ave, latitude:37.8462699, postalCode:94618, geocodeAccuracy:null, stateCode:null, state:CA, longitude:-122.25216]","Oakland","USA","CA","5801 College Ave","94618","[country:USA, city:Oakland, countryCode:null, street:5801 College Ave, latitude:null, postalCode:94618, geocodeAccuracy:null, stateCode:null, state:CA, longitude:null]","Oakland","USA","CA","5801 College Ave","94618"
"Mike Welch","(510) 555-0058","Person","[country:USA, city:Oakland, countryCode:null, street:807 Telegraph Ave, latitude:37.81405, postalCode:94612, geocodeAccuracy:null, stateCode:null, state:CA, longitude:-122.26844]","Oakland","USA","CA","807 Telegraph Ave","94612","[country:USA, city:Oakland, countryCode:null, street:807 Telegraph Ave, latitude:null, postalCode:94612, geocodeAccuracy:null, stateCode:null, state:CA, longitude:null]","Oakland","USA","CA","807 Telegraph Ave","94612"
"Karen Wells","(650) 846-4455","Person","[country:USA, city:East Palo Alto, countryCode:null, street:1700 E Bayshore Rd, latitude:37.4606639, postalCode:94303, geocodeAccuracy:null, stateCode:null, state:CA, longitude:-122.1383587]","East Palo Alto","USA","CA","1700 E Bayshore Rd","94303","[country:USA, city:East Palo Alto, countryCode:null, street:1700 E Bayshore Rd, latitude:null, postalCode:94303, geocodeAccuracy:null, stateCode:null, state:CA, longitude:null]","East Palo Alto","USA","CA","1700 E Bayshore Rd","94303"
"Mina Passini","(415) 555-1414","Person","[country:USA, city:San Francisco, countryCode:null, street:598 Haight St, latitude:37.77215, postalCode:94117, geocodeAccuracy:null, stateCode:null, state:CA, longitude:-122.43197]","San Francisco","USA","CA","598 Haight St","94117","[country:USA, city:San Francisco, countryCode:null, street:598 Haight St, latitude:null, postalCode:94117, geocodeAccuracy:null, stateCode:null, state:CA, longitude:null]","San Francisco","USA","CA","598 Haight St","94117"
"Stacy McNeil","(530) 555-8870","Person","[country:USA, city:Davis, countryCode:null, street:315 E. 14th St., latitude:38.5563432, postalCode:95616, geocodeAccuracy:null, stateCode:null, state:CA, longitude:-121.7469673]","Davis","USA","CA","315 E. 14th St.","95616","[country:USA, city:Davis, countryCode:null, street:315 E. 14th Street, latitude:null, postalCode:95616, geocodeAccuracy:null, stateCode:null, state:CA, longitude:null]","Davis","USA","CA","315 E. 14th Street","95616"
"Deanna Collins","(266) 555-2339","Person","[country:USA, city:San Francisco, countryCode:null, street:2323 Mission St, latitude:37.75986, postalCode:94110, geocodeAccuracy:null, stateCode:null, state:CA, longitude:-122.41881]","San Francisco","USA","CA","2323 Mission St","94110","","","","","",""
"Andy Peterson","(310) 555-3983","Person","[country:USA, city:San Francisco, countryCode:null, street:100 Larkin Street, latitude:37.77915, postalCode:94102, geocodeAccuracy:null, stateCode:null, state:CA, longitude:-122.4158]","San Francisco","USA","CA","100 Larkin Street","94102","[country:USA, city:San Francisco, countryCode:null, street:100 Larkin Street, latitude:null, postalCode:94102, geocodeAccuracy:null, stateCode:null, state:CA, longitude:null]","San Francisco","USA","CA","100 Larkin Street","94102"
"Anne Frost","","Person","[country:USA, city:San Francisco, countryCode:null, street:345 California St, latitude:37.79301, postalCode:94105, geocodeAccuracy:null, stateCode:null, state:CA, longitude:-122.40045]","San Francisco","USA","CA","345 California St","94105","","","","","",""
"Robert Janzen","(858) 555-0100","Person","[country:USA, city:La Jolla, countryCode:null, street:3136 Almahurst Row, latitude:32.88132, postalCode:92037, geocodeAccuracy:null, stateCode:null, state:CA, longitude:-117.24487]","La Jolla","USA","CA","3136 Almahurst Row","92037","[country:USA, city:La Jolla, countryCode:null, street:3136 Almahurst Row, latitude:null, postalCode:92037, geocodeAccuracy:null, stateCode:null, state:CA, longitude:null]","La Jolla","USA","CA","3136 Almahurst Row","92037"
"Heath Axworth","(415) 876-5544","Person","[country:USA, city:San Francisco, countryCode:null, street:3640 Sacramento St, latitude:37.78772, postalCode:94118, geocodeAccuracy:null, stateCode:null, state:CA, longitude:-122.45276]","San Francisco","USA","CA","3640 Sacramento St","94118","[country:USA, city:San Francisco, countryCode:null, street:3640 Sacramento St, latitude:null, postalCode:94118, geocodeAccuracy:null, stateCode:null, state:CA, longitude:null]","San Francisco","USA","CA","3640 Sacramento St","94118"
"Duncan Macintosh","(415) 777-8888","Person","[country:USA, city:San Francisco, countryCode:null, street:1909 Union St, latitude:37.79755, postalCode:94123, geocodeAccuracy:null, stateCode:null, state:CA, longitude:-122.43086]","San Francisco","USA","CA","1909 Union St","94123","[country:USA, city:San Francisco, countryCode:null, street:1909 Union St, latitude:null, postalCode:94123, geocodeAccuracy:null, stateCode:null, state:CA, longitude:null]","San Francisco","USA","CA","1909 Union St","94123"
"Lance Gonzales","(925) 555-8844","Person","[country:USA, city:Walnut Creek, countryCode:null, street:1644 N. Broadway, latitude:37.90109, postalCode:94596, geocodeAccuracy:null, stateCode:null, state:CA, longitude:-122.05986]","Walnut Creek","USA","CA","1644 N. Broadway","94596","[country:USA, city:Walnut Creek, countryCode:null, street:1644 N. Broadway, latitude:null, postalCode:94596, geocodeAccuracy:null, stateCode:null, state:CA, longitude:null]","Walnut Creek","USA","CA","1644 N. Broadway","94596"
"Gabe Hoskins","(925) 855-6666","Person","[country:USA, city:Pleasant Hill, countryCode:null, street:1750 Oak Park Blvd., latitude:37.9338137, postalCode:94523, geocodeAccuracy:null, stateCode:null, state:CA, longitude:-122.0691697]","Pleasant Hill","USA","CA","1750 Oak Park Blvd.","94523","[country:USA, city:Pleasant Hill, countryCode:null, street:1750 Oak Park Blvd., latitude:null, postalCode:94523, geocodeAccuracy:null, stateCode:null, state:CA, longitude:null]","Pleasant Hill","USA","CA","1750 Oak Park Blvd.","94523"
"Robert Simpson","(530) 755-8425","Person","[country:USA, city:Woodland, countryCode:null, street:250 1st St, latitude:38.6791274, postalCode:95695, geocodeAccuracy:null, stateCode:null, state:CA, longitude:-121.7732739]","Woodland","USA","CA","250 1st St","95695","[country:USA, city:Woodland, countryCode:null, street:250 1st St, latitude:null, postalCode:95695, geocodeAccuracy:null, stateCode:null, state:CA, longitude:null]","Woodland","USA","CA","250 1st St","95695"
"Mike Garcia","(415) 555-1212","Person","[country:USA, city:San Francisco, countryCode:null, street:500 Howard St, latitude:37.7885, postalCode:94105, geocodeAccuracy:null, stateCode:null, state:CA, longitude:-122.39668]","San Francisco","USA","CA","500 Howard St","94105","[country:USA, city:San Francisco, countryCode:null, street:500 Howard St, latitude:null, postalCode:94105, geocodeAccuracy:null, stateCode:null, state:CA, longitude:null]","San Francisco","USA","CA","500 Howard St","94105"
"Mark Smith","(650) 555-6652","Person","[country:USA, city:Mountain View, countryCode:null, street:585 Franklin St, latitude:37.3903899, postalCode:94041, geocodeAccuracy:null, stateCode:null, state:CA, longitude:-122.08362]","Mountain View","USA","CA","585 Franklin St","94041","[country:USA, city:Mountain View, countryCode:null, street:585 Franklin St, latitude:null, postalCode:94041, geocodeAccuracy:null, stateCode:null, state:CA, longitude:null]","Mountain View","USA","CA","585 Franklin St","94041"
"Zenith Distributors","(951) 555-6041","Mid-Market","[country:USA, city:Riverside, countryCode:null, street:986 Denver Avenue, latitude:33.9928, postalCode:92501, geocodeAccuracy:Zip, stateCode:null, state:CA, longitude:-117.3709]","Riverside","USA","CA","986 Denver Avenue","92501","[country:USA, city:Riverside, countryCode:null, street:986 Denver Avenue, latitude:33.9928, postalCode:92501, geocodeAccuracy:Zip, stateCode:null, state:CA, longitude:-117.3709]","Riverside","USA","CA","986 Denver Avenue","92501"
"Green Fields Media","(415) 555-3827","Enterprise","[country:USA, city:Denver, countryCode:null, street:707 17th Street, latitude:39.747006, postalCode:80202, geocodeAccuracy:Address, stateCode:null, state:CO, longitude:-104.990537]","Denver","USA","CO","707 17th Street","80202","[country:USA, city:Denver, countryCode:null, street:707 17th Street, latitude:39.747006, postalCode:80202, geocodeAccuracy:Address, stateCode:null, state:CO, longitude:-104.990537]","Denver","USA","CO","707 17th Street","80202"
"Robert Weiss","(203) 555-2503","Person","[country:USA, city:Cambridge, countryCode:null, street:2228 Kennedy Court, latitude:42.37171, postalCode:02141, geocodeAccuracy:null, stateCode:null, state:MA, longitude:-71.1208599]","Cambridge","USA","MA","2228 Kennedy Court","02141","[country:USA, city:Cambridge, countryCode:null, street:2228 Kennedy Court, latitude:null, postalCode:02141, geocodeAccuracy:null, stateCode:null, state:MA, longitude:null]","Cambridge","USA","MA","2228 Kennedy Court","02141"
"Datanet, Inc.","(678) 555-0153","Enterprise","[country:USA, city:New York, countryCode:null, street:310 Henry St, latitude:40.714018, postalCode:10002, geocodeAccuracy:Block, stateCode:null, state:NY, longitude:-73.981768]","New York","USA","NY","310 Henry St","10002","[country:USA, city:New York, countryCode:null, street:310 Henry St, latitude:40.714018, postalCode:10002, geocodeAccuracy:Block, stateCode:null, state:NY, longitude:-73.981768]","New York","USA","NY","310 Henry St","10002"
"Inventure, Inc.","(502) 555-4387","Mid-Market","[country:USA, city:Louisville, countryCode:null, street:346 South Arthur Avenue, latitude:39.96662, postalCode:80027, geocodeAccuracy:Address, stateCode:null, state:CO, longitude:-105.124522]","Louisville","USA","CO","346 South Arthur Avenue","80027","[country:USA, city:Louisville, countryCode:null, street:346 South Arthur Avenue, latitude:39.96662, postalCode:80027, geocodeAccuracy:Address, stateCode:null, state:CO, longitude:-105.124522]","Louisville","USA","CO","346 South Arthur Avenue","80027"
"Aims Social, Inc.","(603) 555-0153","Small Business","[country:USA, city:Cook, countryCode:null, street:1419 Gunderson Ave, latitude:41.860889, postalCode:60402, geocodeAccuracy:Address, stateCode:null, state:IL, longitude:-87.785925]","Cook","USA","IL","1419 Gunderson Ave","60402","[country:USA, city:Cook, countryCode:null, street:1419 Gunderson Ave, latitude:41.860889, postalCode:60402, geocodeAccuracy:Address, stateCode:null, state:IL, longitude:-87.785925]","Cook","USA","IL","1419 Gunderson Ave","60402"
"Universal Containers","(666) 555-3980","Mid-Market","[country:USA, city:Clark, countryCode:null, street:3544 Wedo St, latitude:36.244188, postalCode:89031, geocodeAccuracy:Block, stateCode:null, state:NV, longitude:-115.186797]","Clark","USA","NV","3544 Wedo St","89031","[country:USA, city:Clark, countryCode:null, street:3544 Wedo St, latitude:36.244188, postalCode:89031, geocodeAccuracy:Block, stateCode:null, state:NV, longitude:-115.186797]","Clark","USA","NV","3544 Wedo St","89031"
"Ohana Insurance","(174) 555-0153","Mid-Market","[country:USA, city:Richmond, countryCode:null, street:1419 Commerce Rd, latitude:37.509472, postalCode:23224, geocodeAccuracy:Block, stateCode:null, state:VA, longitude:-77.431548]","Richmond","USA","VA","1419 Commerce Rd","23224","[country:USA, city:Richmond, countryCode:null, street:1419 Commerce Rd, latitude:37.509472, postalCode:23224, geocodeAccuracy:Block, stateCode:null, state:VA, longitude:-77.431548]","Richmond","USA","VA","1419 Commerce Rd","23224"
"Opportunity Resources Inc","+55 19 2117 8003","Enterprise","[country:Brazil, city:Campinas, countryCode:null, street:Rua Jasmin 560, latitude:-22.85536870084811, postalCode:13087, geocodeAccuracy:Block, stateCode:null, state:SP, longitude:-47.04893748944736]","Campinas","Brazil","SP","Rua Jasmin 560","13087","[country:Brazil, city:Campinas, countryCode:null, street:Rua Jasmin 560, latitude:-22.85536870084811, postalCode:13087, geocodeAccuracy:Block, stateCode:null, state:SP, longitude:-47.04893748944736]","Campinas","Brazil","SP","Rua Jasmin 560","13087"
"XPower","(129) 555-0153","Mid-Market","[country:USA, city:New York, countryCode:null, street:124 8th Avenue, latitude:40.741225, postalCode:10011, geocodeAccuracy:Address, stateCode:null, state:NY, longitude:-74.000999]","New York","USA","NY","124 8th Avenue","10011","[country:USA, city:New York, countryCode:null, street:124 8th Avenue, latitude:40.741225, postalCode:10011, geocodeAccuracy:Address, stateCode:null, state:NY, longitude:-74.000999]","New York","USA","NY","124 8th Avenue","10011"
"Open Source Inc.","(187) 555-0153","Mid-Market","[country:USA, city:Austin, countryCode:null, street:600 Congress Avenue, latitude:30.268468, postalCode:78701, geocodeAccuracy:Address, stateCode:null, state:TX, longitude:-97.743123]","Austin","USA","TX","600 Congress Avenue","78701","[country:USA, city:Austin, countryCode:null, street:600 Congress Avenue, latitude:30.268468, postalCode:78701, geocodeAccuracy:Address, stateCode:null, state:TX, longitude:-97.743123]","Austin","USA","TX","600 Congress Avenue","78701"
"Towson Inc.","(467) 555-0153","Mid-Market","[country:USA, city:Alameda, countryCode:null, street:1678 50th Ave, latitude:37.771466, postalCode:94601, geocodeAccuracy:Block, stateCode:null, state:CA, longitude:-122.207077]","Alameda","USA","CA","1678 50th Ave","94601","[country:USA, city:Alameda, countryCode:null, street:1678 50th Ave, latitude:37.771466, postalCode:94601, geocodeAccuracy:Block, stateCode:null, state:CA, longitude:-122.207077]","Alameda","USA","CA","1678 50th Ave","94601"
"Optos Inc.","(720) 555-0153","Enterprise","[country:USA, city:San Francisco, countryCode:null, street:5546 Geary Blvd, latitude:37.780598, postalCode:94121, geocodeAccuracy:Address, stateCode:null, state:CA, longitude:-122.479134]","San Francisco","USA","CA","5546 Geary Blvd","94121","[country:USA, city:San Francisco, countryCode:null, street:5546 Geary Blvd, latitude:37.780598, postalCode:94121, geocodeAccuracy:Address, stateCode:null, state:CA, longitude:-122.479134]","San Francisco","USA","CA","5546 Geary Blvd","94121"
"UlyssesNet","(765) 555-0153","Enterprise","[country:USA, city:King, countryCode:null, street:6805 15th Ave NW, latitude:47.678348, postalCode:98117, geocodeAccuracy:Block, stateCode:null, state:WA, longitude:-122.376985]","King","USA","WA","6805 15th Ave NW","98117","[country:USA, city:King, countryCode:null, street:6805 15th Ave NW, latitude:47.678348, postalCode:98117, geocodeAccuracy:Block, stateCode:null, state:WA, longitude:-122.376985]","King","USA","WA","6805 15th Ave NW","98117"
"Permadyne GmbH, LTD","(422) 555-0153","Enterprise","[country:Switzerland, city:Genève, countryCode:null, street:Avenue de la Roseraie 64, latitude:46.19034804805471, postalCode:1205, geocodeAccuracy:Block, stateCode:null, state:null, longitude:6.148955380906249]","Genève","Switzerland","","Avenue de la Roseraie 64","1205","[country:Switzerland, city:Genève, countryCode:null, street:Avenue de la Roseraie 64, latitude:46.19034804805471, postalCode:1205, geocodeAccuracy:Block, stateCode:null, state:null, longitude:6.148955380906249]","Genève","Switzerland","","Avenue de la Roseraie 64","1205"
"Employnet","(794) 555-0153","Enterprise","[country:USA, city:Pittsburgh, countryCode:null, street:450 Technology Drive, latitude:40.431524, postalCode:15219, geocodeAccuracy:Address, stateCode:null, state:PA, longitude:-79.962507]","Pittsburgh","USA","PA","450 Technology Drive","15219","[country:USA, city:Pittsburgh, countryCode:null, street:450 Technology Drive, latitude:40.431524, postalCode:15219, geocodeAccuracy:Address, stateCode:null, state:PA, longitude:-79.962507]","Pittsburgh","USA","PA","450 Technology Drive","15219"
"Tyconet","+41 22 906 55 15","Enterprise","[country:USA, city:King, countryCode:null, street:5815 Fairview Pl N, latitude:47.6303, postalCode:98109, geocodeAccuracy:Zip, stateCode:null, state:WA, longitude:-122.3457]","King","USA","WA","5815 Fairview Pl N","98109","[country:USA, city:King, countryCode:null, street:5815 Fairview Pl N, latitude:47.6303, postalCode:98109, geocodeAccuracy:Zip, stateCode:null, state:WA, longitude:-122.3457]","King","USA","WA","5815 Fairview Pl N","98109"
"Haven Enterprises","(590) 555-0153","Mid-Market","[country:USA, city:Baltimore (city), countryCode:null, street:405 S Stricker St, latitude:39.283162, postalCode:21223, geocodeAccuracy:Block, stateCode:null, state:MD, longitude:-76.640478]","Baltimore (city)","USA","MD","405 S Stricker St","21223","[country:USA, city:Baltimore (city), countryCode:null, street:405 S Stricker St, latitude:39.283162, postalCode:21223, geocodeAccuracy:Block, stateCode:null, state:MD, longitude:-76.640478]","Baltimore (city)","USA","MD","405 S Stricker St","21223"
"Goodman Imports","(767) 555-0153","Small Business","[country:USA, city:Hoboken, countryCode:null, street:711 Willow Ave, latitude:40.745789, postalCode:07030, geocodeAccuracy:Address, stateCode:null, state:NJ, longitude:-74.031837]","Hoboken","USA","NJ","711 Willow Ave","07030","[country:USA, city:Hoboken, countryCode:null, street:711 Willow Ave, latitude:40.745789, postalCode:07030, geocodeAccuracy:Address, stateCode:null, state:NJ, longitude:-74.031837]","Hoboken","USA","NJ","711 Willow Ave","07030"
"Roseburg Products","(261) 555-0153","Small Business","[country:USA, city:Las Vegas, countryCode:null, street:2905 Lake East Dr, latitude:36.139609, postalCode:89117, geocodeAccuracy:Address, stateCode:null, state:NV, longitude:-115.283549]","Las Vegas","USA","NV","2905 Lake East Dr","89117","[country:USA, city:Las Vegas, countryCode:null, street:2905 Lake East Dr, latitude:36.139609, postalCode:89117, geocodeAccuracy:Address, stateCode:null, state:NV, longitude:-115.283549]","Las Vegas","USA","NV","2905 Lake East Dr","89117"
"Gusto Manufacturing","(631) 555-0153","Mid-Market","[country:USA, city:Madison, countryCode:null, street:1305 Linden Dr,, latitude:43.074971, postalCode:53706, geocodeAccuracy:Block, stateCode:null, state:WI, longitude:-89.408973]","Madison","USA","WI","1305 Linden Dr,","53706","[country:USA, city:Madison, countryCode:null, street:1305 Linden Dr,, latitude:43.074971, postalCode:53706, geocodeAccuracy:Block, stateCode:null, state:WI, longitude:-89.408973]","Madison","USA","WI","1305 Linden Dr,","53706"
"Harmon Consulting","(720) 555-0153","Enterprise","[country:USA, city:New Orleans, countryCode:null, street:753 St Charles Ave, latitude:29.946239, postalCode:70130, geocodeAccuracy:Address, stateCode:null, state:LA, longitude:-90.072029]","New Orleans","USA","LA","753 St Charles Ave","70130","[country:USA, city:New Orleans, countryCode:null, street:753 St Charles Ave, latitude:29.946239, postalCode:70130, geocodeAccuracy:Address, stateCode:null, state:LA, longitude:-90.072029]","New Orleans","USA","LA","753 St Charles Ave","70130"
"AJC Corporation","(720) 555-0153","Mid-Market","[country:USA, city:Los Angeles, countryCode:null, street:6055 W Pico Blvd, latitude:34.052892, postalCode:90035, geocodeAccuracy:Address, stateCode:null, state:CA, longitude:-118.372316]","Los Angeles","USA","CA","6055 W Pico Blvd","90035","[country:USA, city:Los Angeles, countryCode:null, street:6055 W Pico Blvd, latitude:34.052892, postalCode:90035, geocodeAccuracy:Address, stateCode:null, state:CA, longitude:-118.372316]","Los Angeles","USA","CA","6055 W Pico Blvd","90035"
"Troy Bullock","(704) 555-7526","Person","[country:USA, city:Charlotte, countryCode:null, street:2708 Chilton Pl, latitude:35.180171, postalCode:28207, geocodeAccuracy:null, stateCode:null, state:NC, longitude:-80.830502]","Charlotte","USA","NC","2708 Chilton Pl","28207","[country:USA, city:Charlotte, countryCode:null, street:2708 Chilton Pl, latitude:null, postalCode:28207, geocodeAccuracy:null, stateCode:null, state:NC, longitude:null]","Charlotte","USA","NC","2708 Chilton Pl","28207"
"Mike Malmin","(317) 555-6312","Person","[country:USA, city:Indianapolis, countryCode:null, street:6452 Knyghton Rd, latitude:39.87433, postalCode:46220, geocodeAccuracy:null, stateCode:null, state:IN, longitude:-86.0738]","Indianapolis","USA","IN","6452 Knyghton Rd","46220","[country:USA, city:Indianapolis, countryCode:null, street:6452 Knyghton Rd, latitude:null, postalCode:46220, geocodeAccuracy:null, stateCode:null, state:IN, longitude:null]","Indianapolis","USA","IN","6452 Knyghton Rd","46220"
"Kari Rende","(630) 555-4403","Person","[country:USA, city:Elmhurst, countryCode:null, street:245 W Winthrop Ave, latitude:41.89274, postalCode:60126, geocodeAccuracy:null, stateCode:null, state:IL, longitude:-87.94689]","Elmhurst","USA","IL","245 W Winthrop Ave","60126","[country:USA, city:Elmhurst, countryCode:null, street:245 W Winthrop Ave, latitude:null, postalCode:60126, geocodeAccuracy:null, stateCode:null, state:IL, longitude:null]","Elmhurst","USA","IL","245 W Winthrop Ave","60126"
"Jon Allegri","(813) 555-5220","Person","[country:USA, city:Tampa, countryCode:null, street:5823 Bowen Daniel Dr, latitude:27.88345, postalCode:33616, geocodeAccuracy:null, stateCode:null, state:FL, longitude:-82.52851]","Tampa","USA","FL","5823 Bowen Daniel Dr","33616","[country:USA, city:Tampa, countryCode:null, street:5823 Bowen Daniel Dr, latitude:null, postalCode:33616, geocodeAccuracy:null, stateCode:null, state:FL, longitude:null]","Tampa","USA","FL","5823 Bowen Daniel Dr","33616"
"Niki Sullivan","(702) 555-3769","Person","[country:USA, city:Las Vegas, countryCode:null, street:216 Lindy Dr, latitude:36.1707591, postalCode:89107, geocodeAccuracy:null, stateCode:null, state:NV, longitude:-115.2375049]","Las Vegas","USA","NV","216 Lindy Dr","89107","[country:USA, city:Las Vegas, countryCode:null, street:216 Lindy Dr, latitude:null, postalCode:89107, geocodeAccuracy:null, stateCode:null, state:NV, longitude:null]","Las Vegas","USA","NV","216 Lindy Dr","89107"
"Chip Colli","(206) 555-7855","Person","[country:USA, city:Seattle, countryCode:null, street:2115 1st Ave W., latitude:47.63773, postalCode:98119, geocodeAccuracy:null, stateCode:null, state:WA, longitude:-122.35862]","Seattle","USA","WA","2115 1st Ave W.","98119","[country:USA, city:Seattle, countryCode:null, street:2115 1st Ave W., latitude:null, postalCode:98119, geocodeAccuracy:null, stateCode:null, state:WA, longitude:null]","Seattle","USA","WA","2115 1st Ave W.","98119"
"Bob Warkentine","(646) 555-2296","Person","[country:USA, city:New York, countryCode:null, street:828 7th Ave # 11F, latitude:40.76349, postalCode:10019, geocodeAccuracy:null, stateCode:null, state:NY, longitude:-73.98174]","New York","USA","NY","828 7th Ave # 11F","10019","[country:USA, city:New York, countryCode:null, street:828 7th Ave # 11F, latitude:null, postalCode:10019, geocodeAccuracy:null, stateCode:null, state:NY, longitude:null]","New York","USA","NY","828 7th Ave # 11F","10019"
"Steve Sutherland","(608) 555-3399","Person","[country:USA, city:Madison, countryCode:null, street:851 Jenifer St, latitude:43.0785399, postalCode:53703, geocodeAccuracy:null, stateCode:null, state:WI, longitude:-89.3687999]","Madison","USA","WI","851 Jenifer St","53703","[country:USA, city:Madison, countryCode:null, street:851 Jenifer St, latitude:null, postalCode:53703, geocodeAccuracy:null, stateCode:null, state:WI, longitude:null]","Madison","USA","WI","851 Jenifer St","53703"
"Benjamin Young","(713) 555-2977","Person","[country:USA, city:Houston, countryCode:null, street:13715 Lakeshore Way Cv, latitude:29.75287, postalCode:77077, geocodeAccuracy:null, stateCode:null, state:TX, longitude:-95.631]","Houston","USA","TX","13715 Lakeshore Way Cv","77077","[country:USA, city:Houston, countryCode:null, street:13715 Lakeshore Way Cv, latitude:null, postalCode:77077, geocodeAccuracy:null, stateCode:null, state:TX, longitude:null]","Houston","USA","TX","13715 Lakeshore Way Cv","77077"
"Nicole Grace","(203) 555-2801","Person","[country:USA, city:Fairfield, countryCode:null, street:1839 Faifield Beach Rd, latitude:41.14015, postalCode:6824, geocodeAccuracy:null, stateCode:null, state:CT, longitude:-73.2425]","Fairfield","USA","CT","1839 Faifield Beach Rd","6824","[country:USA, city:Fairfield, countryCode:null, street:1839 Faifield Beach Rd, latitude:null, postalCode:6824, geocodeAccuracy:null, stateCode:null, state:CT, longitude:null]","Fairfield","USA","CT","1839 Faifield Beach Rd","6824"
