Account ID,Birthdate,Business Phone,Email,First Name,Home Phone,Last Name,Mailing Address,Mailing City,Mailing Country,Mailing State/Province,Mailing Street,Mailing Zip/Postal Code,Mobile Phone,Title
0011700001JMidOAAT,,(794) 555-9999,,Acme,,Dispatcher,"[country:USA, city:San Mateo, countryCode:null, street:240 E 3rd Ave, latitude:37.565337, postalCode:94401, geocodeAccuracy:Address, stateCode:null, state:CA, longitude:-122.322474]",San Mateo,USA,CA,240 E 3rd Ave,94401,(415) 555-0153,Contractor Dispatcher
0011700001JMidOAAT,,(794) 555-9999,,Xavier,,Acme,"[country:USA, city:San Mateo, countryCode:null, street:240 E 3rd Ave, latitude:37.565337, postalCode:94401, geocodeAccuracy:Address, stateCode:null, state:CA, longitude:-122.322474]",San Mateo,USA,CA,240 E 3rd Ave,94401,(415) 555-0154,Associate Technician
0011700001JMidOAAT,,(794) 555-9999,,Barb,,Acme,"[country:USA, city:San Mateo, countryCode:null, street:240 E 3rd Ave, latitude:37.565337, postalCode:94401, geocodeAccuracy:Address, stateCode:null, state:CA, longitude:-122.322474]",San Mateo,USA,CA,240 E 3rd Ave,94401,(415) 555-0155,Lead Technician
0011700001JMidOAAT,,(794) 555-9999,,Tom,,Acme,"[country:USA, city:San Mateo, countryCode:null, street:240 E 3rd Ave, latitude:37.565337, postalCode:94401, geocodeAccuracy:Address, stateCode:null, state:CA, longitude:-122.322474]",San Mateo,USA,CA,240 E 3rd Ave,94401,(415) 555-0156,Lead Technician
0011700001JMidOAAT,9/10/1978,(794) 555-9999,,Paul,721-779-3639,Partner,"[country:US, city:San Francisco, countryCode:null, street:1 Market St, latitude:37.793872, postalCode:94105, geocodeAccuracy:Address, stateCode:null, state:CA, longitude:-122.394865]",San Francisco,US,CA,1 Market St,94105,(344) 555-0144,Account Executive
0011700001JMidOAAT,8/11/1976,(794) 555-9999,,Sarah,,Phillips,"[country:USA, city:San Mateo, countryCode:null, street:240 E 3rd Ave, latitude:37.565337, postalCode:94401, geocodeAccuracy:Address, stateCode:null, state:California, longitude:-122.322474]",San Mateo,USA,California,240 E 3rd Ave,94401,,Account Executive
0011700001JMidOAAT,10/25/1968,(794) 555-9999,,Betty,,Turner,"[country:USA, city:Littleton, countryCode:null, street:6069 NE 49th Ave, latitude:39.7659, postalCode:80211, geocodeAccuracy:Zip, stateCode:null, state:CO, longitude:-105.0194]",Littleton,USA,CO,6069 NE 49th Ave,80211,(794) 555-0188,Director of Sales
0011700001JMidOAAT,10/12/1989,(794) 555-9999,,Adam,,Mercer,"[country:USA, city:Littleton, countryCode:null, street:6069 NE 49th Ave, latitude:39.7659, postalCode:80211, geocodeAccuracy:Zip, stateCode:null, state:CO, longitude:-105.0194]",Littleton,USA,CO,6069 NE 49th Ave,80211,(794) 555-0188,Sales Engineer
0011700001JMidOAAT,2/27/1963,(794) 555-9999,,Sean,,Silver,"[country:United States, city:Providence, countryCode:null, street:635 Goyette Views Suite 821, latitude:null, postalCode:null, geocodeAccuracy:null, stateCode:null, state:Rhode Island, longitude:null]",Providence,United States,Rhode Island,635 Goyette Views Suite 821,,,Account Executive
0011700001JMidOAAT,6/14/1988,(794) 555-9999,,Jamie,,Green,"[country:USA, city:San Francisco, countryCode:null, street:223 Polk Street, latitude:37.778195, postalCode:94133, geocodeAccuracy:Block, stateCode:null, state:CA, longitude:-122.418359]",San Francisco,USA,CA,223 Polk Street,94133,,Account Executive
0011700001JMidOAAT,4/17/1988,(794) 555-9999,,Bart,,Brown,"[country:United States, city:Orlando, countryCode:null, street:849 Stroman Corner, latitude:null, postalCode:null, geocodeAccuracy:null, stateCode:null, state:Florida, longitude:null]",Orlando,United States,Florida,849 Stroman Corner,,,Account Executive
0011700001JMidOAAT,,(794) 555-9999,,Vikram,,Kalu,,,,,,,,Director of Operations
0011700001JMidOAAT,8/15/1987,(794) 555-9999,,Sienna,672-989-3984,Competente,"[country:USA, city:Richmond (city), countryCode:null, street:1419 Commerce Rd, latitude:37.509472, postalCode:23224, geocodeAccuracy:Block, stateCode:null, state:VA, longitude:-77.431548]",Richmond (city),USA,VA,1419 Commerce Rd,23224,(672) 555-0188,"VP, Consulting"
0011700001JMidOAAT,,(794) 555-9999,,James,,Weiss,,,,,,,,
0011700001JMidOAAT,2/22/1959,(794) 555-9999,,John,475-416-6352,Wu,"[country:US, city:San Francisco, countryCode:null, street:1 Market St, latitude:37.793872, postalCode:94105, geocodeAccuracy:Address, stateCode:null, state:CA, longitude:-122.394865]",San Francisco,US,CA,1 Market St,94105,,VP of Sales
0011700001JMidOAAT,10/31/1968,(794) 555-9999,,Mark,783-383-8412,Kingston,"[country:USA, city:Fairfax, countryCode:null, street:12011 Government Center Pkwy, latitude:38.855251, postalCode:22035, geocodeAccuracy:Address, stateCode:null, state:VA, longitude:-77.362942]",Fairfax,USA,VA,12011 Government Center Pkwy,22035,,Project Manager
0011700001JMidOAAT,10/16/1972,(794) 555-9999,,Chris,,Post,"[country:USA, city:San Francisco, countryCode:null, street:1 Market St., latitude:37.793872, postalCode:94105, geocodeAccuracy:Address, stateCode:null, state:CA, longitude:-122.394865]",San Francisco,USA,CA,1 Market St.,94105,,Business Analyst
0011700001JMidOAAT,7/6/1976,(794) 555-9999,,Lauren,528-490-8868,Bailey,"[country:US, city:San Francisco, countryCode:null, street:1 Market St, latitude:37.793872, postalCode:94105, geocodeAccuracy:Address, stateCode:null, state:CA, longitude:-122.394865]",San Francisco,US,CA,1 Market St,94105,(415) 555-1212,"SVP, Technology"
0011700001JMidOAAT,5/12/1989,(794) 555-9999,,Bob,422-578-5922,Hodges,"[country:USA, city:Montgomery, countryCode:null, street:2725 Quarry Rd, latitude:40.137219, postalCode:19009, geocodeAccuracy:Block, stateCode:null, state:PA, longitude:-75.069134]",Montgomery,USA,PA,2725 Quarry Rd,19009,(422) 555-0188,President and CEO
0011700001JMidOAAT,2/9/1962,(794) 555-9999,,Cary,210-314-8360,Bowden,"[country:United States, city:Boston, countryCode:null, street:100 L Street, latitude:42.334149, postalCode:02051, geocodeAccuracy:Address, stateCode:null, state:Massachusetts, longitude:-71.035122]",Boston,United States,Massachusetts,100 L Street,2051,(655) 555-0144,Senior Vice President
0011700001JMidOAAT,9/25/1989,(794) 555-9999,,Steve,,Ishikawa,"[country:USA, city:Shelby, countryCode:null, street:3418 Poplar Ave, latitude:35.128579, postalCode:38111, geocodeAccuracy:Block, stateCode:null, state:TN, longitude:-89.947756]",Shelby,USA,TN,3418 Poplar Ave,38111,(674) 555-0144,VP of Operations
0011700001JMidOAAT,11/12/1969,(794) 555-9999,,Chris,227-717-1859,Friedman,"[country:USA, city:Shelby, countryCode:null, street:3418 Poplar Ave, latitude:35.128579, postalCode:38111, geocodeAccuracy:Block, stateCode:null, state:TN, longitude:-89.947756]",Shelby,USA,TN,3418 Poplar Ave,38111,(227) 555-0188,General Counsel
0011700001JMidOAAT,1/1/1970,(794) 555-9999,,Brenda,415-671-2897,Mcclure,"[country:USA, city:Shelby, countryCode:null, street:3418 Poplar Ave, latitude:35.128579, postalCode:38111, geocodeAccuracy:Block, stateCode:null, state:TN, longitude:-89.947756]",Shelby,USA,TN,3418 Poplar Ave,38111,(415) 555-0188,Senior VP of Strategy
0011700001JMidOAAT,4/1/1966,(794) 555-9999,,Danielle,219-777-9950,Hauck,"[country:USA, city:Shelby, countryCode:null, street:3418 Poplar Ave, latitude:35.128579, postalCode:38111, geocodeAccuracy:Block, stateCode:null, state:TN, longitude:-89.947756]",Shelby,USA,TN,3418 Poplar Ave,38111,(219) 555-0188,Sales Manager
0011700001JMidOAAT,5/11/1984,(794) 555-9999,,George,520-310-5725,Mazzotta,"[country:USA, city:Shelby, countryCode:null, street:3418 Poplar Ave, latitude:35.128579, postalCode:38111, geocodeAccuracy:Block, stateCode:null, state:TN, longitude:-89.947756]",Shelby,USA,TN,3418 Poplar Ave,38111,(520) 555-0188,Chief Financial Officer
0011700001JMidOAAT,5/30/1988,(794) 555-9999,,Patricia,423-806-1447,Feager,"[country:USA, city:Shelby, countryCode:null, street:3418 Poplar Ave, latitude:35.128579, postalCode:38111, geocodeAccuracy:Block, stateCode:null, state:TN, longitude:-89.947756]",Shelby,USA,TN,3418 Poplar Ave,38111,(423) 555-0188,CEO
0011700001JMidOAAT,12/24/1969,(794) 555-9999,,Arthur,772-504-0721,Song,"[country:USA, city:Shelby, countryCode:null, street:3418 Poplar Ave, latitude:35.128579, postalCode:38111, geocodeAccuracy:Block, stateCode:null, state:TN, longitude:-89.947756]",Shelby,USA,TN,3418 Poplar Ave,38111,(772) 555-0188,Financial Controller
0011700001JMidOAAT,7/30/1987,(794) 555-9999,,Thomas,639-840-9818,Green,"[country:USA, city:Shelby, countryCode:null, street:3418 Poplar Ave, latitude:35.128579, postalCode:38111, geocodeAccuracy:Block, stateCode:null, state:TN, longitude:-89.947756]",Shelby,USA,TN,3418 Poplar Ave,38111,(639) 555-0188,CFO
0011700001JMidOAAT,6/17/1983,(794) 555-9999,,Mark,747-784-1873,Metz,"[country:US, city:San Francisco, countryCode:null, street:1 Market St, latitude:37.793872, postalCode:94105, geocodeAccuracy:Address, stateCode:null, state:CA, longitude:-122.394865]",San Francisco,US,CA,1 Market St,94105,(747) 555-0188,Chief Executive Officer
0011700001JMidOAAT,5/7/1967,(794) 555-9999,,Sean,576-275-7558,Murphy,"[country:USA, city:Santa Clara, countryCode:null, street:178 San Jose Ave, latitude:37.310052, postalCode:95125, geocodeAccuracy:Block, stateCode:null, state:CA, longitude:-121.873789]",Santa Clara,USA,CA,178 San Jose Ave,95125,(576) 555-0188,Program Director
0011700001JMidOAAT,4/19/1967,(794) 555-9999,,Stephanie,690-904-7602,Curran,"[country:USA, city:Santa Clara, countryCode:null, street:178 San Jose Ave, latitude:37.310052, postalCode:95125, geocodeAccuracy:Block, stateCode:null, state:CA, longitude:-121.873789]",Santa Clara,USA,CA,178 San Jose Ave,95125,(690) 555-0188,VP of Strategy
0011700001JMidOAAT,4/9/1958,(794) 555-9999,,Steve,631-570-1324,Mcdonald,"[country:USA, city:Santa Clara, countryCode:null, street:178 San Jose Ave, latitude:37.310052, postalCode:95125, geocodeAccuracy:Block, stateCode:null, state:CA, longitude:-121.873789]",Santa Clara,USA,CA,178 San Jose Ave,95125,(631) 555-0188,Chief Information Officer
0011700001JMidOAAT,5/5/1979,(794) 555-9999,,Keith,528-389-6767,Lopez,"[country:USA, city:Santa Clara, countryCode:null, street:178 San Jose Ave, latitude:37.310052, postalCode:95125, geocodeAccuracy:Block, stateCode:null, state:CA, longitude:-121.873789]",Santa Clara,USA,CA,178 San Jose Ave,95125,(528) 555-0188,Marketing Manager
0011700001JMidOAAT,9/7/1976,(794) 555-9999,,Jeff,385-218-7039,Kane,"[country:USA, city:Santa Clara, countryCode:null, street:178 San Jose Ave, latitude:37.310052, postalCode:95125, geocodeAccuracy:Block, stateCode:null, state:CA, longitude:-121.873789]",Santa Clara,USA,CA,178 San Jose Ave,95125,(385) 555-0188,VP of Finance
0011700001JMidOAAT,12/31/1975,(794) 555-9999,,Al,879-396-0181,Miller,"[country:USA, city:Santa Clara, countryCode:null, street:178 San Jose Ave, latitude:37.310052, postalCode:95125, geocodeAccuracy:Block, stateCode:null, state:CA, longitude:-121.873789]",Santa Clara,USA,CA,178 San Jose Ave,95125,(879) 555-0188,Director of Purchasing
0011700001JMidOAAT,8/8/1972,(794) 555-9999,,Kathy,231-277-8689,Fitzpatrick,"[country:USA, city:Foster City, countryCode:null, street:730 Bounty Dr., latitude:37.557272, postalCode:94404, geocodeAccuracy:Address, stateCode:null, state:CA, longitude:-122.265184]",Foster City,USA,CA,730 Bounty Dr.,94404,(231) 555-0188,"Director, Human Resources"
0011700001JMidOAAT,4/4/1978,(794) 555-9999,,Ed,475-961-6615,Flachbarth,"[country:USA, city:Santa Clara, countryCode:null, street:178 San Jose Ave, latitude:37.310052, postalCode:95125, geocodeAccuracy:Block, stateCode:null, state:CA, longitude:-121.873789]",Santa Clara,USA,CA,178 San Jose Ave,95125,(475) 555-0188,Administrative Assistant
0011700001JMidOAAT,8/22/1984,(794) 555-9999,,Aiden,,Pearson,"[country:USA, city:San Francisco, countryCode:null, street:50 Fremont Street, latitude:37.79054, postalCode:94105, geocodeAccuracy:Address, stateCode:null, state:CA, longitude:-122.397575]",San Francisco,USA,CA,50 Fremont Street,94105,,Owner
0011700001JMidOAAT,11/21/1966,(794) 555-9999,,Brad,,Anastasio,"[country:USA, city:San Francisco, countryCode:null, street:800 3rd Street, latitude:37.777632, postalCode:94105, geocodeAccuracy:Block, stateCode:null, state:CA, longitude:-122.391524]",San Francisco,USA,CA,800 3rd Street,94105,,"SVP, Sales"
0011700001JMidOAAT,1/16/1959,(794) 555-9999,,Emilee,,Kendra,"[country:United States, city:Raleigh, countryCode:null, street:051 Lang Village, latitude:null, postalCode:null, geocodeAccuracy:null, stateCode:null, state:North Carolina, longitude:null]",Raleigh,United States,North Carolina,051 Lang Village,,,COO
0011700001JMidOAAT,4/29/1989,(794) 555-9999,,Larry,,Baxter,"[country:US, city:San Francisco, countryCode:null, street:1 Market St, latitude:null, postalCode:94105, geocodeAccuracy:null, stateCode:null, state:CA, longitude:null]",San Francisco,US,CA,1 Market St,94105,(310) 555-0188,
0011700001JMidOAAT,8/29/1969,(794) 555-9999,,Tammy,,Baxter,"[country:USA, city:San Francisco, countryCode:null, street:850 Mission St, latitude:null, postalCode:94103, geocodeAccuracy:null, stateCode:null, state:CA, longitude:null]",San Francisco,USA,CA,850 Mission St,94103,(415) 555-0188,"VP, Supply Chain"
0011700001JMidOAAT,6/10/1981,(794) 555-9999,,Russell,,Hartman,,,,,,,(510) 846-5500,Customer
0011700001JMidOAAT,1/11/1967,(794) 555-9999,,Mike,,Welch,,,,,,,(510) 546-4444,Customer
0011700001JMidOAAT,8/24/1973,(794) 555-9999,,Karen,,Wells,,,,,,,(650) 846-4455,Customer
0011700001JMidOAAT,1/4/1989,(794) 555-9999,,Mina,,Passini,,,,,,,(415) 222-1414,Customer
0011700001JMidOAAT,12/28/1989,(794) 555-9999,,Stacy,,McNeil,,,,,,,,Customer
0011700001JMidOAAT,8/20/1982,(794) 555-9999,,Deanna,,Collins,,,,,,,,Customer
0011700001JMidOAAT,3/23/1960,(794) 555-9999,,Andy,,Peterson,,,,,,,,Customer
0011700001JMidOAAT,7/7/1980,(794) 555-9999,,Anne,,Frost,"[country:US, city:San Francisco, countryCode:null, street:1 Market St, latitude:null, postalCode:94105, geocodeAccuracy:null, stateCode:null, state:CA, longitude:null]",San Francisco,US,CA,1 Market St,94105,,
0011700001JMidOAAT,11/13/1957,(794) 555-9999,,Robert,,Janzen,"[country:US, city:Wichita, countryCode:null, street:911 N Broadview Ave, latitude:null, postalCode:67208, geocodeAccuracy:null, stateCode:null, state:KS, longitude:null]",Wichita,US,KS,911 N Broadview Ave,67208,(858) 555-0188,Customer
0011700001JMidOAAT,6/17/1986,(794) 555-9999,,Heath,,Axworth,,,,,,,(415) 876-5544,Customer
0011700001JMidOAAT,2/8/1969,(794) 555-9999,,Duncan,,Macintosh,,,,,,,(415) 777-8888,Customer
0011700001JMidOAAT,8/28/1978,(794) 555-9999,,Lance,,Gonzales,,,,,,,(925) 500-8844,Customer
0011700001JMidOAAT,2/17/1974,(794) 555-9999,,Gabe,,Hoskins,,,,,,,(925) 855-6666,Customer
0011700001JMidOAAT,5/17/1961,(794) 555-9999,,Robert,,Simpson,,,,,,,(530) 755-8425,Customer
0011700001JMidOAAT,4/29/1965,(794) 555-9999,,Mike,,Garcia,,,,,,,(415) 500-7777,Customer
0011700001JMidOAAT,12/25/1963,(794) 555-9999,,Mark,,Smith,,,,,,,(650) 884-5654,Customer
0011700001JMidOAAT,9/2/1972,(794) 555-9999,,Laura,611-591-6298,Rossi,"[country:Switzerland, city:Genève, countryCode:null, street:Avenue de la Roseraie 64, latitude:46.19034804805471, postalCode:1205, geocodeAccuracy:Block, stateCode:null, state:null, longitude:6.148955380906249]",Genève,Switzerland,,Avenue de la Roseraie 64,1205,(611) 555-0188,"Manager, Sales Operations"
0011700001JMidOAAT,10/18/1956,(794) 555-9999,,Daryl,,Distributor,"[country:USA, city:Riverside, countryCode:null, street:986 Denver Avenue, latitude:33.9928, postalCode:92501, geocodeAccuracy:Zip, stateCode:null, state:CA, longitude:-117.3709]",Riverside,USA,CA,986 Denver Avenue,92501,,Sales Executive
0011700001JMidOAAT,12/15/1972,(794) 555-9999,,Chris,874-966-0932,Templey,"[country:USA, city:Delaware, countryCode:null, street:26 Boot Rd, latitude:39.985671, postalCode:19073, geocodeAccuracy:Block, stateCode:null, state:PA, longitude:-75.420651]",Delaware,USA,PA,26 Boot Rd,19073,(874) 555-0188,VP of Sales
0011700001JMidOAAT,7/26/1965,(794) 555-9999,,Jason,,Brennaman,"[country:USA, city:Denver, countryCode:null, street:707 17th Street, latitude:39.747006, postalCode:80202, geocodeAccuracy:Address, stateCode:null, state:CO, longitude:-104.990537]",Denver,USA,CO,707 17th Street,80202,(310) 555-0192,Information Technology
0011700001JMidOAAT,5/6/1968,(794) 555-9999,,David,,Adelson,"[country:USA, city:San Francisco, countryCode:null, street:660 Sutter St, latitude:37.789036, postalCode:94102, geocodeAccuracy:Block, stateCode:null, state:CA, longitude:-122.411257]",San Francisco,USA,CA,660 Sutter St,94102,+1.639.762.7543,"Director, Information Technology"
0011700001JMidOAAT,5/8/1963,(794) 555-9999,,Wes,,Chopra,"[country:USA, city:Wichita, countryCode:null, street:2110 N Rock Rd, latitude:37.720726, postalCode:67208, geocodeAccuracy:Address, stateCode:null, state:KS, longitude:-97.243761]",Wichita,USA,KS,2110 N Rock Rd,67208,(310) 555-0191,"Manager, Information Technology"
0011700001JMidOAAT,11/25/1960,(794) 555-9999,,Sarah,296-276-9024,Jeffries,"[country:USA, city:King, countryCode:null, street:5815 Fairview Pl N, latitude:47.6303, postalCode:98109, geocodeAccuracy:Zip, stateCode:null, state:WA, longitude:-122.3457]",King,USA,WA,5815 Fairview Pl N,98109,(296) 555-0188,"SVP, Marketing Strategy"
0011700001JMidOAAT,10/20/2074,(794) 555-9999,,Robert,,Weiss,,,,,,,,Customer
0011700001JMidOAAT,5/8/1961,(794) 555-9999,,Ryan,266-353-8304,Gray,"[country:USA, city:Baltimore, countryCode:null, street:405 S Stricker St, latitude:39.283162, postalCode:21223, geocodeAccuracy:Block, stateCode:null, state:MD, longitude:-76.640478]",Baltimore,USA,MD,405 S Stricker St,21223,(266) 555-0188,Consulting Practice Director
0011700001JMidOAAT,7/23/1976,(794) 555-9999,,Julie,533-862-4439,Dillon,"[country:USA, city:New York, countryCode:null, street:310 Henry St, latitude:40.714018, postalCode:10002, geocodeAccuracy:Block, stateCode:null, state:NY, longitude:-73.981768]",New York,USA,NY,310 Henry St,10002,(533) 555-0188,Director of Marketing
0011700001JMidOAAT,8/14/1964,(794) 555-9999,,Billy,206-775-7013,Mack,"[country:USA, city:New York, countryCode:null, street:310 Henry St, latitude:40.714018, postalCode:10002, geocodeAccuracy:Block, stateCode:null, state:NY, longitude:-73.981768]",New York,USA,NY,310 Henry St,10002,(206) 555-0188,General Counsel
0011700001JMidOAAT,1/29/1971,(794) 555-9999,,Bill,673-289-3104,Martin,"[country:USA, city:New York, countryCode:null, street:310 Henry St, latitude:40.714018, postalCode:10002, geocodeAccuracy:Block, stateCode:null, state:NY, longitude:-73.981768]",New York,USA,NY,310 Henry St,10002,(673) 555-0188,Operations Manager
0011700001JMidOAAT,4/27/1977,(794) 555-9999,,Kyle,903-534-1468,Pearson,"[country:USA, city:New York, countryCode:null, street:310 Henry St, latitude:40.714018, postalCode:10002, geocodeAccuracy:Block, stateCode:null, state:NY, longitude:-73.981768]",New York,USA,NY,310 Henry St,10002,(903) 555-0188,"VP, IT Projects"
0011700001JMidOAAT,10/29/1962,(794) 555-9999,,Janice,810-606-5717,Bergman,"[country:USA, city:New York, countryCode:null, street:310 Henry St, latitude:40.714018, postalCode:10002, geocodeAccuracy:Block, stateCode:null, state:NY, longitude:-73.981768]",New York,USA,NY,310 Henry St,10002,(810) 555-0188,"VP, Purchasing"
0011700001JMidOAAT,4/18/1961,(794) 555-9999,,Jean-Michel,544-346-9480,Lambert,"[country:USA, city:New York, countryCode:null, street:310 Henry St, latitude:40.714018, postalCode:10002, geocodeAccuracy:Block, stateCode:null, state:NY, longitude:-73.981768]",New York,USA,NY,310 Henry St,10002,(544) 555-0188,EVP Business Development
0011700001JMidOAAT,8/9/1980,(794) 555-9999,,Cristin,,Hwang,"[country:USA, city:Rushmore, countryCode:null, street:2009 Dawson, latitude:43.6114, postalCode:56168, geocodeAccuracy:Zip, stateCode:null, state:MN, longitude:-95.7969]",Rushmore,USA,MN,2009 Dawson,56168,(806) 555-0188,"EVP, Business Development"
0011700001JMidOAAT,11/11/1987,(794) 555-9999,,David,,Homme,"[country:USA, city:Eugene, countryCode:null, street:2215 Oak Drive, latitude:44.1007, postalCode:97404, geocodeAccuracy:Zip, stateCode:null, state:OR, longitude:-123.1353]",Eugene,USA,OR,2215 Oak Drive,97404,(759) 555-0188,Product Marketing Manager
0011700001JMidOAAT,7/15/1983,(794) 555-9999,,Shay,,Dulaney,"[country:USA, city:Pensacola, countryCode:null, street:1225 Fourth, latitude:30.426, postalCode:32516, geocodeAccuracy:Zip, stateCode:null, state:FL, longitude:-87.2876]",Pensacola,USA,FL,1225 Fourth,32516,(686) 555-0188,Sales Executive
0011700001JMidOAAT,7/27/1966,(794) 555-9999,,Lloyd,,Archibald,"[country:USA, city:Topeka, countryCode:null, street:1591 Hulet, latitude:41.5599, postalCode:46571, geocodeAccuracy:Zip, stateCode:null, state:IN, longitude:-85.5429]",Topeka,USA,IN,1591 Hulet,46571,(801) 555-0188,"SVP, Marketing"
0011700001JMidOAAT,2/21/1970,(794) 555-9999,,Marci,,Viviano,"[country:USA, city:Tacoma, countryCode:null, street:1767 Oak Place, latitude:47.1995, postalCode:98408, geocodeAccuracy:Zip, stateCode:null, state:WA, longitude:-122.4458]",Tacoma,USA,WA,1767 Oak Place,98408,(270) 555-0188,CFO
0011700001JMidOAAT,5/10/1978,(794) 555-9999,,Hollie,,Everhart,"[country:USA, city:Hakalau, countryCode:null, street:2832 Grotton Road, latitude:19.8798, postalCode:96710, geocodeAccuracy:Zip, stateCode:null, state:HI, longitude:-155.1561]",Hakalau,USA,HI,2832 Grotton Road,96710,(579) 555-0188,VP of Marketing
0011700001JMidOAAT,6/7/1965,(794) 555-9999,,Bree,,Reitz,"[country:USA, city:San Francisco, countryCode:null, street:2852 Bagley Circle, latitude:37.775, postalCode:94167, geocodeAccuracy:Zip, stateCode:null, state:CA, longitude:-122.4183]",San Francisco,USA,CA,2852 Bagley Circle,94167,(453) 555-0188,Head of Partner Relations
0011700001JMidOAAT,4/19/1969,(794) 555-9999,,Hamid,,Basirat,"[country:USA, city:Monroe, countryCode:null, street:1958 Stamford, latitude:41.53, postalCode:50170, geocodeAccuracy:Zip, stateCode:null, state:IA, longitude:-93.1114]",Monroe,USA,IA,1958 Stamford,50170,(875) 555-0188,SVP Marketing
0011700001JMidOAAT,1/20/1987,(794) 555-9999,,Jan,,Perkins,"[country:USA, city:Friedensburg, countryCode:null, street:5680 Hardwoods Cove, latitude:40.6025, postalCode:17933, geocodeAccuracy:Zip, stateCode:null, state:PA, longitude:-76.2411]",Friedensburg,USA,PA,5680 Hardwoods Cove,17933,(767) 555-0188,CFO
0011700001JMidOAAT,,(794) 555-9999,,B2BGuest,,User,,,,,,,,
0011700001JMidOAAT,6/21/1973,(794) 555-9999,,Bonnie,,Barra,"[country:USA, city:San Miguel, countryCode:null, street:3484 Pinklon Circle, latitude:35.8002, postalCode:93451, geocodeAccuracy:Zip, stateCode:null, state:CA, longitude:-120.5985]",San Miguel,USA,CA,3484 Pinklon Circle,93451,(261) 555-0188,EVP Business Development
0011700001JMidOAAT,,(794) 555-9999,,Scott,,Smith,"[country:USA, city:Louisville, countryCode:null, street:346 South Arthur Avenue, latitude:39.96662, postalCode:80027, geocodeAccuracy:Address, stateCode:null, state:CO, longitude:-105.124522]",Louisville,USA,CO,346 South Arthur Avenue,80027,,Chief Operating Officer
0011700001JMidOAAT,,(794) 555-9999,,Tony,,Piazza,"[country:USA, city:Louisville, countryCode:null, street:346 South Arthur Avenue, latitude:39.96662, postalCode:80027, geocodeAccuracy:Address, stateCode:null, state:CO, longitude:-105.124522]",Louisville,USA,CO,346 South Arthur Avenue,80027,,Director of Finance
0011700001JMidOAAT,,(794) 555-9999,,Stewart,,Clink,"[country:USA, city:Louisville, countryCode:null, street:346 South Arthur Avenue, latitude:39.96662, postalCode:80027, geocodeAccuracy:Address, stateCode:null, state:CO, longitude:-105.124522]",Louisville,USA,CO,346 South Arthur Avenue,80027,,VP of Sales
0011700001JMidOAAT,9/28/1969,(794) 555-9999,,Bruce,,Watkins,"[country:USA, city:Stevens Point, countryCode:null, street:69 Oberlin, latitude:44.5185, postalCode:54481, geocodeAccuracy:Zip, stateCode:null, state:WI, longitude:-89.5743]",Stevens Point,USA,WI,69 Oberlin,54481,(631) 555-0188,CEO
0011700001JMidOAAT,12/14/1983,(794) 555-9999,,Brad,500-233-3822,Owens,"[country:USA, city:Cook, countryCode:null, street:1419 Gunderson Ave, latitude:41.860889, postalCode:60402, geocodeAccuracy:Address, stateCode:null, state:IL, longitude:-87.785925]",Cook,USA,IL,1419 Gunderson Ave,60402,(500) 555-0188,Regional Sales Manager
0011700001JMidOAAT,2/10/1984,(794) 555-9999,,Bradley,,Harmon,"[country:USA, city:Wichita, countryCode:null, street:899 N Broadview Ave, latitude:37.699042, postalCode:67208, geocodeAccuracy:Block, stateCode:null, state:KS, longitude:-97.287656]",Wichita,USA,KS,899 N Broadview Ave,67208,(261) 555-0188,EVP Business Development
0011700001JMidOAAT,11/26/1981,(794) 555-9999,,Leo,656-541-6935,Novak,"[country:USA, city:Clark, countryCode:null, street:3544 Wedo St, latitude:36.244188, postalCode:89031, geocodeAccuracy:Block, stateCode:null, state:NV, longitude:-115.186797]",Clark,USA,NV,3544 Wedo St,89031,(656) 555-0188,Marketing Manager
0011700001JMidOAAT,8/10/1968,(794) 555-9999,,Sandy,,Jones,"[country:USA, city:Wichita, countryCode:null, street:900 N Broadview Ave, latitude:37.7026, postalCode:67208, geocodeAccuracy:Zip, stateCode:null, state:KS, longitude:-97.28]",Wichita,USA,KS,900 N Broadview Ave,67208,(261) 555-0188,EVP Business Development
0011700001JMidOAAT,9/20/1977,(794) 555-9999,,Gabriel,632-877-7665,Silva,"[country:Brazil, city:13087Campinas, countryCode:null, street:Rua Jasmin 560, latitude:-22.85536870084811, postalCode:13087, geocodeAccuracy:Block, stateCode:null, state:SP, longitude:-47.04893748944736]",13087Campinas,Brazil,SP,Rua Jasmin 560,13087,(632) 555-0188,Sales Manager
0011700001JMidOAAT,3/14/1964,(794) 555-9999,,Troy,,Bullock,"[country:USA, city:Wichita, countryCode:null, street:906 N Broadview Ave, latitude:null, postalCode:67208, geocodeAccuracy:null, stateCode:null, state:KS, longitude:null]",Wichita,USA,KS,906 N Broadview Ave,67208,(704) 555-0188,VP of Sales
0011700001JMidOAAT,5/24/1968,(794) 555-9999,,David,692-854-2073,Harris,"[country:USA, city:Santa Cruz, countryCode:null, street:309 8th Ave, latitude:36.965369, postalCode:95062, geocodeAccuracy:Block, stateCode:null, state:CA, longitude:-121.997687]",Santa Cruz,USA,CA,309 8th Ave,95062,(692) 555-0188,Director of Business Development
0011700001JMidOAAT,1/9/1973,(794) 555-9999,,Tom,643-788-2366,Davis,"[country:USA, city:Santa Cruz, countryCode:null, street:309 8th Ave, latitude:36.965369, postalCode:95062, geocodeAccuracy:Block, stateCode:null, state:CA, longitude:-121.997687]",Santa Cruz,USA,CA,309 8th Ave,95062,(643) 555-0188,Development Director
0011700001JMidOAAT,3/4/1968,(794) 555-9999,,Mike,,Malmin,"[country:USA, city:Wichita, countryCode:null, street:907 N Broadview Ave, latitude:null, postalCode:67208, geocodeAccuracy:null, stateCode:null, state:KS, longitude:null]",Wichita,USA,KS,907 N Broadview Ave,67208,(317) 555-0188,General Counsel
0011700001JMidOAAT,8/17/1958,(794) 555-9999,,May,,Chan,"[country:USA, city:San Jose, countryCode:null, street:6217 Santa Teresa Blvd, latitude:37.236085, postalCode:95119, geocodeAccuracy:Address, stateCode:null, state:CA, longitude:-121.801971]",San Jose,USA,CA,6217 Santa Teresa Blvd,95119,,CFO
0011700001JMidOAAT,1/9/1983,(794) 555-9999,,Ron,258-277-2428,Adkins,"[country:USA, city:Sedgwick, countryCode:null, street:899 N Broadview Ave, latitude:37.699042, postalCode:67208, geocodeAccuracy:Block, stateCode:null, state:KS, longitude:-97.287656]",Sedgwick,USA,KS,899 N Broadview Ave,67208,(258) 555-0188,General Manager
0011700001JMidOAAT,12/1/1981,(794) 555-9999,,Kari,,Rende,"[country:USA, city:Wichita, countryCode:null, street:908 N Broadview Ave, latitude:null, postalCode:67208, geocodeAccuracy:null, stateCode:null, state:KS, longitude:null]",Wichita,USA,KS,908 N Broadview Ave,67208,(630) 555-0188,Director of Operations
0011700001JMidOAAT,11/25/1987,(794) 555-9999,,Sandy,624-865-7797,Knudson,"[country:USA, city:Orange, countryCode:null, street:17753 Gothard St, latitude:33.705289, postalCode:92647, geocodeAccuracy:Block, stateCode:null, state:CA, longitude:-118.00009]",Orange,USA,CA,17753 Gothard St,92647,(624) 555-0188,Account Executive
0011700001JMidOAAT,10/5/1975,(794) 555-9999,,Jon,,Allegri,"[country:USA, city:Wichita, countryCode:null, street:905 N Broadview Ave, latitude:null, postalCode:67208, geocodeAccuracy:null, stateCode:null, state:KS, longitude:null]",Wichita,USA,KS,905 N Broadview Ave,67208,(813) 555-0188,Finance Director
0011700001JMidOAAT,8/26/1980,(794) 555-9999,,Larry,446-310-9854,Kuchenreuther,"[country:USA, city:Los Angeles, countryCode:null, street:1963 Border Ave, latitude:33.828298, postalCode:90501, geocodeAccuracy:Block, stateCode:null, state:CA, longitude:-118.313196]",Los Angeles,USA,CA,1963 Border Ave,90501,(446) 555-0188,Account Manager
0011700001JMidOAAT,8/3/1972,(794) 555-9999,,Niki,,Sullivan,"[country:USA, city:Wichita, countryCode:null, street:909 N Broadview Ave, latitude:null, postalCode:67208, geocodeAccuracy:null, stateCode:null, state:KS, longitude:null]",Wichita,USA,KS,909 N Broadview Ave,67208,(702) 555-0188,Director of Human Resources
0011700001JMidOAAT,4/15/1955,(794) 555-9999,,Susan,390-677-7847,Johanson,"[country:Australia, city:Sydney, countryCode:null, street:390 Harris Street, latitude:-33.87565095338616, postalCode:2007, geocodeAccuracy:Block, stateCode:null, state:NSW, longitude:151.19745527950374]",Sydney,Australia,NSW,390 Harris Street,2007,(390) 555-0188,VP of Operations
0011700001JMidOAAT,6/10/1970,(794) 555-9999,,Mark,765-837-0389,Dillon,"[country:Australia, city:Sydney, countryCode:null, street:390 Harris Street, latitude:-33.87565095338616, postalCode:2007, geocodeAccuracy:Block, stateCode:null, state:NSW, longitude:151.19745527950374]",Sydney,Australia,NSW,390 Harris Street,2007,(765) 555-0188,Head of Partner Relations
0011700001JMidOAAT,11/10/1967,(794) 555-9999,,Stella,842-216-6743,Pavlova,"[country:Australia, city:Sydney, countryCode:null, street:390 Harris Street, latitude:-33.87565095338616, postalCode:2007, geocodeAccuracy:Block, stateCode:null, state:NSW, longitude:151.19745527950374]",Sydney,Australia,NSW,390 Harris Street,2007,(842) 555-0188,"VP, Product Management"
0011700001JMidOAAT,4/23/1981,(794) 555-9999,,Allison,239-624-0010,Yates,"[country:Australia, city:Sydney, countryCode:null, street:390 Harris Street, latitude:-33.87565095338616, postalCode:2007, geocodeAccuracy:Block, stateCode:null, state:NSW, longitude:151.19745527950374]",Sydney,Australia,NSW,390 Harris Street,2007,(239) 555-0188,Owner
0011700001JMidOAAT,12/25/1973,(794) 555-9999,,Chip,,Colli,"[country:USA, city:Wichita, countryCode:null, street:910 N Broadview Ave, latitude:null, postalCode:67208, geocodeAccuracy:null, stateCode:null, state:KS, longitude:null]",Wichita,USA,KS,910 N Broadview Ave,67208,(206) 555-0188,Commercial Director
0011700001JMidOAAT,6/11/1955,(794) 555-9999,,Thomas,519-711-0515,Simes,"[country:USA, city:Clark, countryCode:null, street:4191 Tamarus St, latitude:36.112837, postalCode:89119, geocodeAccuracy:Block, stateCode:null, state:NV, longitude:-115.133268]",Clark,USA,NV,4191 Tamarus St,89119,(519) 555-0188,CEO
0011700001JMidOAAT,8/10/1988,(794) 555-9999,,Michael,753-261-6567,Basch,"[country:USA, city:Clark, countryCode:null, street:4191 Tamarus St, latitude:36.112837, postalCode:89119, geocodeAccuracy:Block, stateCode:null, state:NV, longitude:-115.133268]",Clark,USA,NV,4191 Tamarus St,89119,(753) 555-0188,"VP, Procurement"
0011700001JMidOAAT,4/14/1961,(794) 555-9999,,Tammy,573-422-3153,Reseller,"[country:USA, city:Clark, countryCode:null, street:4191 Tamarus St, latitude:36.112837, postalCode:89119, geocodeAccuracy:Block, stateCode:null, state:NV, longitude:-115.133268]",Clark,USA,NV,4191 Tamarus St,89119,(573) 555-0188,Account Executive
0011700001JMidOAAT,4/10/1973,(794) 555-9999,,Sean,237-396-4506,Forbes,"[country:USA, city:Clark, countryCode:null, street:4191 Tamarus St, latitude:36.112837, postalCode:89119, geocodeAccuracy:Block, stateCode:null, state:NV, longitude:-115.133268]",Clark,USA,NV,4191 Tamarus St,89119,(237) 555-0188,CFO
0011700001JMidOAAT,3/27/1956,(794) 555-9999,,Jeannie,875-349-0430,Rogers,"[country:USA, city:Clark, countryCode:null, street:4191 Tamarus St, latitude:36.112837, postalCode:89119, geocodeAccuracy:Block, stateCode:null, state:NV, longitude:-115.133268]",Clark,USA,NV,4191 Tamarus St,89119,(875) 555-0188,"VP, Facilities"
0011700001JMidOAAT,11/30/1983,(794) 555-9999,,Tom,932-840-6320,James,"[country:USA, city:Clark, countryCode:null, street:4191 Tamarus St, latitude:36.112837, postalCode:89119, geocodeAccuracy:Block, stateCode:null, state:NV, longitude:-115.133268]",Clark,USA,NV,4191 Tamarus St,89119,(932) 555-0188,"SVP, Operations"
0011700001JMidOAAT,6/4/1967,(794) 555-9999,,Alex,526-454-5553,Johnson,"[country:USA, city:Clark, countryCode:null, street:4191 Tamarus St, latitude:36.112837, postalCode:89119, geocodeAccuracy:Block, stateCode:null, state:NV, longitude:-115.133268]",Clark,USA,NV,4191 Tamarus St,89119,(526) 555-0188,"Senior Director, Services"
0011700001JMidOAAT,11/21/1968,(794) 555-9999,,Rose,776-672-9389,Gonzalez,"[country:USA, city:Clark, countryCode:null, street:4191 Tamarus St, latitude:36.112837, postalCode:89119, geocodeAccuracy:Block, stateCode:null, state:NV, longitude:-115.133268]",Clark,USA,NV,4191 Tamarus St,89119,(776) 555-0188,SVP of Marketing
0011700001JMidOAAT,8/21/1959,(794) 555-9999,,Bob,,Warkentine,"[country:USA, city:Wichita, countryCode:null, street:912 N Broadview Ave, latitude:null, postalCode:67208, geocodeAccuracy:null, stateCode:null, state:KS, longitude:null]",Wichita,USA,KS,912 N Broadview Ave,67208,(646) 555-0188,"Director, Customer Service"
0011700001JMidOAAT,8/8/1972,(794) 555-9999,,Erin,925-777-1617,Walsh,"[country:USA, city:Multnomah, countryCode:null, street:5628 SE Alder St, latitude:45.517891, postalCode:97215, geocodeAccuracy:Block, stateCode:null, state:OR, longitude:-122.606114]",Multnomah,USA,OR,5628 SE Alder St,97215,(925) 555-0188,EVP Business Development
0011700001JMidOAAT,1/23/1986,(794) 555-9999,,Steve,,Sutherland,"[country:USA, city:Wichita, countryCode:null, street:913 N Broadview Ave, latitude:null, postalCode:67208, geocodeAccuracy:null, stateCode:null, state:KS, longitude:null]",Wichita,USA,KS,913 N Broadview Ave,67208,(608) 555-0188,Head of Operations
0011700001JMidOAAT,3/18/1976,(794) 555-9999,,Ed,699-376-4729,Hennessy,"[country:USA, city:Jefferson, countryCode:null, street:2056 Laurel Ave, latitude:30.083095, postalCode:77701, geocodeAccuracy:Block, stateCode:null, state:TX, longitude:-94.116203]",Jefferson,USA,TX,2056 Laurel Ave,77701,(699) 555-0188,Owner
0011700001JMidOAAT,11/9/1961,(794) 555-9999,,Benjamin,,Young,"[country:USA, city:Wichita, countryCode:null, street:914 N Broadview Ave, latitude:null, postalCode:67208, geocodeAccuracy:null, stateCode:null, state:KS, longitude:null]",Wichita,USA,KS,914 N Broadview Ave,67208,(713) 555-0188,EVP Business Development
0011700001JMidOAAT,11/8/1978,(794) 555-9999,,Robert,226-936-3140,Fontana,"[country:USA, city:Multnomah, countryCode:null, street:16909 SE Alder St, latitude:45.517823, postalCode:97233, geocodeAccuracy:Block, stateCode:null, state:OR, longitude:-122.489146]",Multnomah,USA,OR,16909 SE Alder St,97233,(226) 555-0188,CEO
0011700001JMidOAAT,10/21/1989,(794) 555-9999,,Peter,453-380-7332,Foss,"[country:USA, city:Multnomah, countryCode:null, street:16909 SE Alder St, latitude:45.517823, postalCode:97233, geocodeAccuracy:Block, stateCode:null, state:OR, longitude:-122.489146]",Multnomah,USA,OR,16909 SE Alder St,97233,(453) 555-0188,"SVP, Administration and Finance"
0011700001JMidOAAT,5/27/1970,(794) 555-9999,,Martin,750-289-2987,Woodson,"[country:USA, city:Multnomah, countryCode:null, street:16909 SE Alder St, latitude:45.517823, postalCode:97233, geocodeAccuracy:Block, stateCode:null, state:OR, longitude:-122.489146]",Multnomah,USA,OR,16909 SE Alder St,97233,(750) 555-0188,"VP, Product Management"
0011700001JMidOAAT,5/26/1960,(794) 555-9999,,Richard,726-908-6641,O'Brien Jr,"[country:USA, city:Multnomah, countryCode:null, street:16909 SE Alder St, latitude:45.517823, postalCode:97233, geocodeAccuracy:Block, stateCode:null, state:OR, longitude:-122.489146]",Multnomah,USA,OR,16909 SE Alder St,97233,(726) 555-0188,Chief Executive Officer
0011700001JMidOAAT,3/28/1972,(794) 555-9999,,Joseph,323-511-7911,Gillespie,"[country:USA, city:Multnomah, countryCode:null, street:16909 SE Alder St, latitude:45.517823, postalCode:97233, geocodeAccuracy:Block, stateCode:null, state:OR, longitude:-122.489146]",Multnomah,USA,OR,16909 SE Alder St,97233,(323) 555-0188,Chief Marketing Officer
0011700001JMidOAAT,8/6/1965,(794) 555-9999,,Martin,280-615-1908,Green,"[country:USA, city:Multnomah, countryCode:null, street:16909 SE Alder St, latitude:45.517823, postalCode:97233, geocodeAccuracy:Block, stateCode:null, state:OR, longitude:-122.489146]",Multnomah,USA,OR,16909 SE Alder St,97233,(280) 555-0188,Senior Vice President-Operations
0011700001JMidOAAT,12/1/1975,(794) 555-9999,,Nicole,,Grace,"[country:USA, city:Wichita, countryCode:null, street:915 N Broadview Ave, latitude:null, postalCode:67208, geocodeAccuracy:null, stateCode:null, state:KS, longitude:null]",Wichita,USA,KS,915 N Broadview Ave,67208,(203) 555-0188,"EVP, Business Development"
0011700001JMidOAAT,5/16/1970,(794) 555-9999,,Bjorn,373-391-5243,Lundgren,"[country:USA, city:Dallas, countryCode:null, street:6039 E Northwest Hwy, latitude:32.86436, postalCode:75225, geocodeAccuracy:Block, stateCode:null, state:TX, longitude:-96.759749]",Dallas,USA,TX,6039 E Northwest Hwy,75225,(373) 555-0188,Account Executive
0011700001JMidOAAT,12/3/1960,(794) 555-9999,,Doug,,Hart,"[country:USA, city:Wichita, countryCode:null, street:899 N Broadview Ave, latitude:37.699042, postalCode:67208, geocodeAccuracy:Block, stateCode:null, state:KS, longitude:-97.287656]",Wichita,USA,KS,899 N Broadview Ave,67208,(573) 555-0185,"EVP, Business Development"
0011700001JMidOAAT,12/22/1956,(794) 555-9999,,Peter,,Houston,"[country:USA, city:Cook, countryCode:null, street:2230 W 63rd St, latitude:null, postalCode:60636, geocodeAccuracy:null, stateCode:null, state:IL, longitude:null]",Cook,USA,IL,2230 W 63rd St,60636,(415) 555-0188,Director of Engineering
0011700001JMidOAAT,6/14/1958,(794) 555-9999,,Mary,,McDaniel,"[country:USA, city:San Francisco, countryCode:null, street:904 N Broadview Ave, latitude:37.789, postalCode:94105, geocodeAccuracy:Zip, stateCode:null, state:CA, longitude:-122.3949]",San Francisco,USA,CA,904 N Broadview Ave,94105,(674) 555-0149,Regional Vice President
0011700001JMidOAAT,4/24/1980,(794) 555-9999,,Greg,,Walker,"[country:USA, city:Wichita, countryCode:null, street:899 N Broadview Ave, latitude:37.699042, postalCode:67208, geocodeAccuracy:Block, stateCode:null, state:KS, longitude:-97.287656]",Wichita,USA,KS,899 N Broadview Ave,67208,(573) 555-0186,Asset Manager
0011700001JMidOAAT,3/15/1981,(794) 555-9999,,Judy,689-770-1060,Odom,"[country:USA, city:New Hanover, countryCode:null, street:1984 Gufford Dr, latitude:34.228938, postalCode:28403, geocodeAccuracy:Block, stateCode:null, state:NC, longitude:-77.922892]",New Hanover,USA,NC,1984 Gufford Dr,28403,(689) 555-0188,Sales Executive
0011700001JMidOAAT,10/28/1982,(794) 555-9999,,TBD,,Customer,,,,,,,,
0011700001JMidOAAT,1/12/1978,(794) 555-9999,,Bill,867-321-5509,Blau,"[country:USA, city:San Francisco, countryCode:null, street:62 Chatham Pl, latitude:37.790735, postalCode:94108, geocodeAccuracy:Block, stateCode:null, state:CA, longitude:-122.40623]",San Francisco,USA,CA,62 Chatham Pl,94108,(867) 555-0188,"VP, IT Operations"
0011700001JMidOAAT,,(794) 555-9999,,Dan,,Fitzgerald,"[country:USA, city:Oakland, countryCode:null, street:111 Broadway, latitude:37.795794, postalCode:94607, geocodeAccuracy:Address, stateCode:null, state:CA, longitude:-122.276917]",Oakland,USA,CA,111 Broadway,94607,(764) 555-9091,SVP of Sales
0011700001JMidOAAT,2/4/1959,(794) 555-9999,,Ron,935-358-9043,Reid,"[country:USA, city:San Diego, countryCode:null, street:3262 47th St, latitude:32.739983, postalCode:92105, geocodeAccuracy:Block, stateCode:null, state:CA, longitude:-117.093715]",San Diego,USA,CA,3262 47th St,92105,(935) 555-0188,"Director, Consulting"
0011700001JMidOAAT,11/28/1968,(794) 555-9999,,Jeff,487-756-1793,Blay,"[country:USA, city:Alameda, countryCode:null, street:1678 50th Ave, latitude:37.771466, postalCode:94601, geocodeAccuracy:Block, stateCode:null, state:CA, longitude:-122.207077]",Alameda,USA,CA,1678 50th Ave,94601,(487) 555-0188,Enterprise Sales Manager
0011700001JMidOAAT,6/7/1989,(794) 555-9999,,Lisa,904-300-7149,Jones,"[country:USA, city:Denver, countryCode:null, street:47 S Galapago St, latitude:39.715792, postalCode:80223, geocodeAccuracy:Block, stateCode:null, state:CO, longitude:-104.996561]",Denver,USA,CO,47 S Galapago St,80223,(904) 555-0188,Director of Public Relations
0011700001JMidOAAT,10/14/1963,(794) 555-9999,,Derek,575-289-1239,Rose,"[country:USA, city:King, countryCode:null, street:6805 15th Ave NW, latitude:47.678348, postalCode:98117, geocodeAccuracy:Block, stateCode:null, state:WA, longitude:-122.376985]",King,USA,WA,6805 15th Ave NW,98117,(575) 555-0188,Credit Manager
0011700001JMidOAAT,,(794) 555-9999,,NoClue,,Salesforce,,,,,,,,
0011700001JMidOAAT,,(794) 555-9999,,Eric,,Roberts,,,,,,,,
0011700001JMidOAAT,,(794) 555-9999,,Christopher,,Sasven,,,,,,,,
0011700001JMidOAAT,,(794) 555-9999,,Rachel,,Morris,"[country:Canada, city:Ottawa, countryCode:null, street:547 Pfeffer Parks, latitude:45.42042, postalCode:null, geocodeAccuracy:City, stateCode:null, state:Ontario, longitude:-75.69243]",Ottawa,Canada,Ontario,547 Pfeffer Parks,,,Sales Engineer
0011700001JMidOAAT,,(794) 555-9999,,Oscar,,Ceballos,,,,,,,,
0011700001JMidOAAT,,(794) 555-9999,,Ben,,Warner,,,,,,,,
0011700001JMidOAAT,,(794) 555-9999,,Neal,,Wallace,,,,,,,,
0011700001JMidOAAT,,(794) 555-9999,,Neal,,Wallace,,,,,,,,
